1,0007249288461;-2,00166894711144;-1,43882223924324;-1,25707185288012;-0,077561900977682;0,414973355087111;1,62435274140002;-0,360680221681764;-0,715903639873204;-1,10418344502668;-0,425396689195703;-0,594568782997061;0,38332479801933;1,09227311760226;-0,373267658195068;0,0332908228867324;-1,9301462619774;-1,51336123528276;0,305405735661016;1,43744535206436;-0,250060117519962;0,720376641534882;-0,870408367948112;2,42416302122234;-0,91881841563763;-0,0608061065649417;0,775738376459448;-1,00432567289995;0,0427335549383876;0,111274932518217;0,139517726612067;-1,58884048863906;0,840424965914371;-0,301227476720748;2,24599627336114;-0,0888909364129116;-0,857657454049038;0,761256519205179;1,43162133892732;0,351317562595149;0,137864964140888;-0,159184038081298;-0,303534318911163;-1,71254835971375;0,933134370555081;2,37693248729324;-0,992598779186298;-0,396635379297648;0,907109366301429;0,755540758069154;1,26009609350244;-1,40503668299555;-0,562646667059508;0,081587184865429;-1,41319227601755;-1,61313188499564;1,24296098425043;-0,346581337363415;-1,91484295805071;0,6926596305156;0,29953571658527;0,227688094657603;-1,81288440947408;1,38131711554283;1,02057414679827;-1,89046907349767;0,163040812899457;-0,919934492024962;1,52597738053057;1,02528169328734;-0,660083497588516;-0,520076402383485
-0,54889680508834;0,998204585778477;0,450265013401999;-1,20818156489532;-1,14785612454895;-1,86951450864657;-1,44797918006795;-1,11677903523249;0,0332271888590205;-0,48687057685718;-0,0451845702532144;0,891275097313642;0,935741469771677;0,201277336602076;0,340081998232862;-0,746273981009171;-0,844560575885131;0,0803995868565825;1,29454882066004;-0,180888119247757;0,304087400842012;-1,96623091164896;-1,06076138930185;0,423491764978663;-0,756349710294919;0,368775510893054;0,477950801625155;0,678989546701828;-0,901170111760076;1,24793017072397;0,482190705853823;1,53551250592289;-0,808502067211685;-1,60262526075481;0,871032181120006;-0,103264178931926;0,745429084574064;-1,22765785573879;1,53439011966015;0,982900745364109;-0,32019459622926;1,22576755909394;-1,25636113324812;-1,36904013672587;-1,39830379277498;-0,963225705626472;-2,12461624741387;-1,53496040654347;-0,139534318274245;-0,71170485592246;1,5232098962173;-0,68466548462621;1,42932384940912;0,728925839960087;2,03274758882817;-0,875235053845942;0,671542528016009;1,2869116198786;1,25482977848464;1,02980722314479;-0,0416569471968228;-0,819438796478807;1,57856450430035;0,571763994148915;0,50818763361094;0,448856979644623;0,146975321606782;0,808112965449654;0,644993270984775;-1,45933243055268;-0,422698440496347;0,0639447997847522
0,611511739142645;-0,646161183501454;-1,89208165876154;0,741532072964548;1,53952534038635;-1,2640031866202;0,528744481251647;-0,963686676442567;-0,457852614727612;0,123856142926906;0,197061096337013;1,64150913265569;1,5455730148334;-1,45042647237389;-1,20452086880377;0,0749617427662567;-1,9967454486488;0,0620159829317736;0,680938601087725;-1,76869882758112;-0,541513758299038;-0,775000702586055;-0,618571996448875;-2,05765577036416;0,591343862282939;0,365638341762432;-0,0484024200379126;0,0833098626031337;0,727896447530899;-0,215957566036928;-1,03951410066274;-0,357152630183315;1,70482433521649;0,676191827766823;-0,434368866386065;1,92428516826038;1,80919703759178;-1,78622542858052;-0,670673721791892;1,00810520157129;-0,879000175883279;0,927275282118266;1,64362305695855;1,58922922933815;-1,62024543597127;-2,50898502820429;0,0816847434180825;-0,031493592515884;-0,190020925379668;1,22894423929457;0,171564894817465;-0,820330399677556;-1,24696588375558;-0,554441823840436;1,5090349557386;0,380416510175942;-0,236699520382434;0,348950616509206;1,72441065619889;-1,10499279059931;0,357910063222487;-1,49313335739671;-0,892681277602812;-0,92092973023553;-0,31880037563213;1,04436546026248;1,81632128667799;-1,3015738537624;1,05434416637388;-1,78010474305746;1,07546528259008;-0,0503979739102354
0,226801086014224;-1,71671700969288;0,769761209168759;-0,91245823816325;0,0455711743552836;-0,63641390153958;-1,36019442810288;1,02287035936251;-1,87831029059481;0,960332268598531;-1,67906380450024;0,860232095098067;0,35225395109646;0,922933693506135;-1,49870605015104;0,222284598118435;0,985638146699802;0,940231020615265;-1,25001173382205;1,0922817819347;-0,320704935219038;-0,0308625446279112;-1,79419587658495;-1,25355831936069;-0,478781473468226;-0,809812688817704;0,575865734833414;-1,43120827722406;-1,49302128147042;-0,713932338924588;0,461156614983093;-0,828546697375116;-1,75117146496872;0,552130368388998;0,500593464173138;-1,40847197639373;-0,0510614286682087;-0,135629424255779;-1,52988935584146;-0,966467017970105;0,246962017488506;1,06172681587758;1,1247785465734;-0,100368469882994;0,950957684127057;-0,161889237063814;-0,896429362803488;-1,06769953026843;0,760970938451064;-1,09952988568537;-1,48920212133306;1,13041496419884;1,16524498485827;1,29019798481923;-0,586491949517407;-1,56726572916402;1,29315274403106;0,0369769543707398;1,0126034972945;-0,931918789213411;0,307823247212238;-1,6556796505528;0,623068020820239;0,240153521239599;-1,03381881175893;0,783021764152832;0,742796917803531;0,783086716968603;-1,11693357169341;1,12873308205168;-1,69600643415869;-0,306034399568026
1,19072289046677;1,82016235630921;-0,46482192792045;0,309734081263421;1,06954018659593;-0,498277517559929;-1,67369884360831;-2,46585685553655;1,80654181135002;-0,222825086695795;-1,2156488216505;0,110295473473586;-1,22548541502558;-0,393626046166956;-0,860007800812065;-1,57331337001037;-0,278596067776246;-0,149598514699485;-0,584252853793133;1,79584663636262;0,244160036203042;0,838863250936312;0,722348537554332;-0,0043074376147799;-2,52444765646106;-1,66622510459963;-1,28508482558112;-0,508690510213045;0,704918788681507;0,533954206490516;-1,94377233957124;1,48629845328984;-0,340894209994017;-0,49020274805698;-2,50957526623859;2,05096459174059;2,26773435030812;1,68988080572708;-0,105726628193426;-0,512073100630843;-1,38844733088382;2,00422393800097;-0,253894135194676;-1,4949431675988;1,95011390502373;-2,37120704418309;-0,28377039737813;-0,462574528696135;-0,725487459090159;0,53094838809253;-0,451307097221195;0,74749698457465;0,551803693758273;-0,792501835020124;2,18967947307185;-0,0496795445621854;-0,804632332686244;-0,0997319942688078;0,170895603760758;-0,436726339636795;-1,32959658232706;-1,70981356746473;-1,66821528129301;-0,495435808520264;-0,443268667095824;-0,558354991701972;-0,593603014355306;-0,221501860657391;1,09793472580211;-0,304631377674851;0,352681260885775;0,67093497326938
1,11988476575143;1,341204191254;-0,0316614939872496;-0,349611645987343;-0,0478804165937232;-0,393818676162007;0,687905522299229;-1,63696758537371;0,515489745890371;0,357715471392043;0,82790563593833;-1,63893460564382;-1,50857895695728;-1,57933865462349;-0,96994769917144;-0,874943455439602;0,560254701353368;1,51166831590879;0,508832628537351;1,20126075054574;-0,320189712371993;-1,76708023659782;-1,56912374963264;-0,954488414267957;-0,15756783759032;1,12402757269392;1,17423970319998;-1,34124024150133;0,855560193140479;0,941547761728484;-0,0454734536621044;1,61340997982418;-1,23031674376864;0,645041304198787;0,618952078212;0,943913474723592;-0,317335522358973;-0,733744353228867;0,130208567712977;1,09291047079698;0,751013694876096;-1,41247835748519;0,0282440599353394;-0,763338016134707;-1,73249858440044;-1,35726906034564;-0,97387053151138;-1,56799890109384;-1,13501431478686;-1,9138465735067;0,0772516214886281;0,988852533497284;0,392762479804022;0,270582970194797;-1,28826366382807;0,955301872522148;-0,221440387541755;-0,946345723869712;-1,44053793027892;-0,0502382827272736;0,620889119314316;0,49438470639391;-0,936808969393304;0,943512573615596;-1,11628284578628;1,26009093091261;-1,65520840115748;-1,6739538945651;-0,704876032437233;-0,354523408085672;1,55334898883394;-0,170878433632357
-0,0680693150418132;2,40152126992947;-1,94368257067335;-1,87738560559582;0,67152718205335;2,51032595990012;-0,341472607840459;-0,1911114485706;0,439343719409602;0,468698966878463;-0,493107723265001;0,852652166471702;-0,203572544068355;0,850144159122657;-0,479649649314396;-0,367530758783752;0,620501752150733;1,81990544616484;-0,0130926538012566;-0,628771167772563;-0,805252208419379;-1,62210490231728;-1,23235549223455;-0,734234297266833;-1,57249474139943;0,423232110331511;-1,16513220076752;-0,967650120012849;-0,883955411553739;-1,42282980804453;0,347228102332341;1,17320503415967;-0,523069009698746;-1,05545947206297;-0,233993388227546;0,516710131575975;0,362540711672031;-1,28188072349979;-0,688518412076379;0,0129942975224864;-1,63318810583473;0,167361812364631;2,41943138732053;-1,58235650658944;0,664560272575814;-0,134415556970128;0,886968649043817;-1,16235167905294;0,338131450688699;0,655468584546592;-0,111821489509825;0,17395763842353;-1,75661056885485;0,63970912610288;-0,749865885480469;-0,963502490228115;1,43532386413756;1,47539070880966;-1,82681054005601;1,54898914299148;1,05969462317674;2,10506569347204;0,048845266529668;-0,19335491198182;2,52451523559087;-0,960185655008165;0,688256793993278;-1,06513857539533;-0,00762398502419545;0,791249760774265;1,46584318629029;0,584985932093958
0,643378008087661;0,7753965948282;-1,81907269779169;-0,229854962609303;-1,30920558325167;-1,16283163819105;0,343448450309044;-0,265589059758739;-1,7884917447021;1,13738592555825;1,55110820573641;0,0402072222167944;0,767340622745132;-1,6895041438015;0,471641026732845;-0,628406511310585;0,214599639286411;-1,90487474972788;1,31065450985759;0,23339393763226;1,44115331167016;-0,919274093677821;0,674664806600234;-1,27298604597496;-0,751584083629671;-0,773223039460398;-2,08600851005069;-0,643702477033858;1,26415257880869;0,14550277931413;1,02828836350192;1,44983232277305;0,105859705843835;0,0179084034577956;0,598848039691686;-1,62502714855936;0,670618728891951;0,645842350744459;-1,13187891506737;0,365743299116425;-0,528159456732903;-0,269900809871718;2,07605804156987;1,17899429174839;-1,11252216092323;-0,135905380795392;1,44806233361538;0,523239945655027;-0,0761350373884191;-0,587657103183558;-0,545419931996105;-0,577323203090625;0,444962362392289;-0,666529805772163;0,88307478836469;-0,543579994438338;-1,70030747697632;-1,61879908215369;-0,65266365042605;0,561246470597205;-1,70314839295252;-1,44963562665254;0,584132606710972;0,0316123117975543;2,15462436357029;0,757705114317155;-1,73352773729013;1,72522252812268;-0,489284121706653;0,00417671964504318;0,763639344680032;0,190124319529896
0,798611658582052;-1,50699434406145;-2,43605927309677;0,0459143330478366;0,418037373851905;1,60592632190897;1,15874084528961;1,31791004193759;-0,115005792310205;-0,349146817669614;1,66360964556516;1,33431874925675;-1,33030421527622;-0,117592946137292;-0,675201285832959;-1,16361262630096;1,36015137571886;0,0724178955707795;-1,69379577257124;0,209447536475849;-0,59559887127691;0,0884969914553828;0,664981802602185;-0,645853805074818;1,88309837827666;-0,514697929694428;1,82283239679024;-0,355353594943904;0,0718784548360546;1,42684055025466;-1,24404924650607;1,80805130458948;0,215813196075649;-0,591737234713089;-0,00351978435535757;0,855593562512452;-1,36996618093911;-1,67955615332713;-1,91081551347891;-0,663408544557671;0,0481328211753561;-0,737554395715707;-0,311341070703654;1,16568233271939;-1,0107940668168;-2,25731797363198;0,0320512192788236;0,325815260955298;0,474583506423479;1,33715547816101;-1,49856121613131;-1,37800099561637;-0,562618535788713;-1,33111832321201;-0,0991797937774935;-1,30982478363392;-0,462717091913146;1,69403069129344;0,91926055000324;1,89820395437315;1,29788153486444;-0,741913865011713;-1,19288481671505;0,291773078359499;-1,10088498143596;0,852907504303773;-2,1766051281775;1,57319873033685;1,42117207738385;-0,582257307917243;1,70590105950612;-0,00338411925121131
-1,18945239645634;1,39084155133111;-0,948460343131766;-1,98700196877631;-0,897735722901275;1,21470662993769;-2,30579003921079;0,609960626670284;1,36022256878763;-0,786813205882449;0,749601320873858;0,413056841186283;0,935242283725955;-1,5747514712199;0,296262262266515;-0,770900744230632;0,118613877084352;-0,731508022122588;-1,27884780643511;-0,797418737666461;0,189898991892679;-1,79970735407844;-0,912477603361402;1,09813767401947;-1,87810144243603;0,21519087677948;0,375417260288899;-0,810819864219608;-1,49735886039593;-0,211293218347938;0,486611702702145;-1,47235208081175;1,0869906305866;-0,32124598526666;1,09626448600726;-0,394240730357297;1,45574686603686;0,21597546618628;1,52478913505945;-0,0613881478322007;1,14340037495361;1,19759722057457;1,25489807655125;-0,342104332036416;-0,329867281452254;0,360344663410248;0,914739016270147;1,38667099398885;-0,876662426262685;0,298018537212467;-0,892554129905011;-0,272241777969224;-0,552567434190883;0,485368465546969;1,71539941113464;-1,05773002279906;-0,132507664127841;-0,517682352996384;-1,44741262436753;0,473830919816046;-0,529043043199635;0,410167827717884;0,163235890188975;-0,352837171648617;0,496535293981131;1,05977966439299;1,19556999105325;-1,30074892405556;-1,32300763840687;-0,960394220730332;-0,505133922981814;0,00175046184735818
-0,324945482161904;1,23180789024742;-0,167089624930214;0,71594005984652;-1,62207553813782;1,73972259175354;-0,577117561316761;-0,308691169850667;0,947313976039411;0,950336451718124;-1,6834567497868;-0,607276257567393;-1,24853712004325;-1,36929649095895;0,830770686249917;-2,02095577074758;0,428903367978468;0,886257131785811;1,5696477723434;-0,497073899583126;0,0126467908994999;-0,639613635485606;-1,22956165628877;-1,52355243896471;-1,36457614775183;-0,088577974259075;0,121652278572956;1,49440650497579;0,505026031236589;0,521543568735299;0,845987774987059;-1,53570190498571;-1,14064131080635;-0,702342367854185;0,842191313151865;1,2621712865315;0,0568502214040104;-1,62981116573796;-2,99610042278019;-0,0532006545831388;1,40119978853318;0,546229981310105;2,46831593971812;0,779741523796095;1,56530948977531;-2,67081797613908;-1,13922133389351;-0,0875448788815457;1,48664535579331;0,369564680501052;0,485336976603584;-0,44634521061065;-2,23142688852829;0,704176725914503;0,469322273899923;-0,383721986875367;-0,719283128007764;-1,79586564833557;-0,589225783843437;0,330082515899632;-0,988053766721452;0,592631719002881;0,211429703725969;-1,85214773102075;-2,35248612349903;0,952884594352414;-1,02755179774465;1,42489657530988;-0,841777617738619;-1,92473339635886;1,54340685272391;0,447826642019681
0,581526922793913;-0,328771137071913;1,38193274929655;1,60762919549933;-2,68097892452724;-0,620181017374003;0,877550545684223;-0,964965851240481;-0,663585457879116;-0,684174712007741;0,832010503199543;-1,8073464459496;0,651257108386951;-0,0160479007114329;0,98073104253251;-0,701646365591187;1,57195385447797;-0,599931860622498;2,46598692327619;0,630472494715695;-0,874207695287807;-0,707165580582482;-0,101772843490889;-1,91190812479461;0,136833886526707;1,92108181533578;0,437574444629887;0,262453703355861;-1,87933054560219;-1,11249662997879;0,0783516407976263;0,920516311531382;-0,171164052851918;0,647775628362066;1,9372927995953;1,12763029184313;-1,82249972152131;0,315158454394195;-1,82050546509786;-2,21188079920088;0,178399048123967;-0,673004534443639;-1,12533444601538;1,44661421392062;1,67247619264069;0,254630818088965;-1,82813508709402;0,562600189849929;-1,24464168752479;0,117343996513777;-0,213434312810869;0,607349120018144;-1,85074246868768;0,963365080286428;-0,985653754259184;-1,69779655457362;-2,08067866759214;-1,54790218367102;-0,166078727482658;-0,82778839080075;0,718732025010791;1,35123174075614;-0,164785659291837;0,373901308450739;-2,46384603027309;0,796323591069669;-0,162250910066433;-0,108841550162691;-0,839678718618173;1,11296894375199;-1,1946907968172;0,593514406045467
0,104401446957709;0,86529852088913;-0,513108029079975;-2,32514644345911;-2,1834503025325;-0,912487588420009;-0,469725057769073;-0,452036405130522;-0,504826190818634;0,356769355651581;-0,461956499522373;-0,874838355203216;-1,71905930508425;0,313439619838113;0,817193361314337;0,403582315737149;-0,236303827639558;-0,330632805595164;0,904241445568088;0,955976795580301;1,09273638397639;-0,187430606917463;-0,961694144880193;-0,0663702250716115;0,854026905414905;-0,0923334744753288;1,57358017462796;1,32978722907914;-1,36818292186749;0,982149727353746;-0,0308555301978581;-1,31623988358867;-1,09977350932257;-0,944073712152471;0,966040955804351;-0,785041722750436;-0,323471226464053;-1,93206484192393;-1,2886427973324;0,626415354123761;0,645527339118458;-0,800412193357493;0,840244966768384;1,61687723829439;-0,653656857456179;1,01709051897315;-0,0791943278301309;-0,735242493597336;-1,36989674619772;-0,388228646600893;0,635015224371398;1,07904652214957;-1,75642399605344;-0,638893629073579;-1,45336374202541;-2,05636299093006;-0,668355575166699;0,674573696711766;-1,6227997468885;0,056776542571067;-0,483981058956706;0,00901767154818351;-1,03129922265476;-0,285249563675467;-1,34749364740713;-0,881646910500223;1,69904342028356;0,597909284254379;0,676977920468754;-0,674529865398341;-1,6568431096142;-0,231436704059519
-0,0402863735359716;-1,01978014057087;-2,11140131007755;-0,222744743177216;1,05507723747236;0,11341291629906;-1,07036553735317;1,74810700221829;1,28680887450199;0,672694894393602;1,25512814303785;0,727761258894867;-1,1770778440273;0,745850494768664;-1,28793332999842;1,47678253698764;-1,55683840725621;0,922121110242293;1,11633929235633;1,75700679166698;0,630746836025197;0,497652537213079;-0,322135336127335;0,845544520391161;-0,0584750005461405;-1,34382510946867;0,217444834702759;-0,974225776277701;1,45788081363042;1,65249677468897;0,1372653801407;1,08005177560055;0,220171848456744;0,467411097122715;-0,352280076411744;-1,27124247938445;0,250096601423656;0,764154251543428;-0,357886392266946;1,80525661311507;0,618082981288304;-0,990576512117666;1,3748878700929;1,60332023714333;0,868208521244816;0,687326561713437;0,95242869872983;0,404022238612531;-0,771368393844397;-0,839500353881274;0,894173150812286;-1,081348043638;-0,158387949859138;-1,03639250960827;-0,704204936196197;1,24765170937436;1,18686324852525;1,68140408108167;-0,993906383315934;-0,34158172884501;0,766570576084244;1,59509752749003;-1,29153211586825;1,06097979046384;-1,13714598079242;-2,17446363109195;-2,08694098968525;0,771003222740536;-0,422803455515149;-1,36271660700021;0,314312967506332;0,270945954628227
-1,19076975119735;1,1724491336866;-0,556759906061061;0,202660499844813;0,607958501872986;-0,662960184454701;-0,294515585796463;-0,0894170008642866;0,599604739299988;-1,74194541563066;-2,19710887374082;1,11897975367977;-1,18926696464089;-0,709512779894959;-0,901175058466024;-1,02001529539072;1,15645831966403;-0,243330031147038;-1,14028742776119;-0,151986844480753;0,0645431893933602;1,1101541050201;-1,34096756590328;-0,343521515797738;-1,94002125008868;0,995923495595056;0,890051848538826;0,237967153294975;-0,179176558266148;0,576301881797677;-1,08539377045135;-1,5695991200526;-0,657379731714493;-1,47224308572706;0,804263929184243;-0,546143319373083;0,71294290262105;1,04900628711858;1,54571796431925;-1,213974970262;-1,11992309951061;-0,156975522952128;-0,156607699838651;0,0184433400852007;1,17085357855873;-1,21095567044753;-0,175777461494797;-0,141057025975079;0,445113845627274;0,526438830707656;0,461508887522593;0,648338935909882;0,826259523498808;-1,97898544823759;0,823598096789154;-0,726549295720448;0,455738826724432;1,00128915439667;0,0119900833312656;1,18306384945582;0,283463648397259;0,662098146612748;-2,13913923742269;-2,40216567757522;0,787262076436231;0,869817800844565;-0,439078089987953;-1,90236632836476;-0,0266435043401729;1,24654183731954;-0,333156732444607;-0,12785061495874
0,977125363799809;2,12537004683772;-1,82371349512095;-1,62728244549844;-0,230428291664306;0,843111709086003;0,374583963316634;1,47416864975207;-0,649700571060066;-0,993015474079088;-0,694678920854529;0,267766894611753;-1,85659982137139;-0,381170720880548;-0,695220482044725;-0,183846359482978;-1,64477608365727;-0,433346218243114;0,257698923429466;1,45010268038157;-1,60914426553587;-1,8110562307328;0,489565694304826;1,27371909011878;0,0662936298813373;-0,0968539961736265;-0,0237138327272231;-1,3300249106158;1,22906736194357;0,895280040186795;-1,96540961409521;1,08893167174547;-0,705000626297702;0,456486709886636;-1,35837457040224;0,582432124400347;1,85345901563187;0,713091142373016;-1,96154300489739;-1,46492596400269;-0,134829143130127;0,821870469723233;0,755445987456329;-0,0867234131067767;0,721213926058668;-0,607400569206067;2,32132802242076;0,106038734995662;-0,0944275617579291;-1,20940562917478;0,859574353637153;-0,963915050758811;-2,17835707156702;0,845869690343949;1,11055860221461;0,218188356969775;-0,635931484029768;1,82184756254455;0,611896047056673;0,763383099412269;1,83763956342443;-0,0599906049043903;-1,20162940287468;1,50787695828745;-1,00307582215555;-1,02579891439838;-0,915395498246634;0,0689642568382403;0,174651892712867;0,279055905046326;0,617027841638842;-0,0532755919543782
-0,725622327135552;-0,0181166613322177;1,08353721413872;-0,598482916550018;-1,09805699488121;-1,56323656664737;0,312878010125687;-1,45566704711527;0,595471011266516;-1,2806845901126;0,195047641832835;0,665061568241199;1,63251001141296;0,960726225728027;0,309821081721556;0,386786683856155;1,18648026557199;-0,560908315707972;0,0372747078600066;1,73795682742847;-0,848797609740233;-1,0622645359592;-1,84913183751021;1,20756410824022;0,580397647342853;-1,15613080559123;-0,653789419740616;0,0203311670698434;1,39841036470117;-0,526899856307752;1,95714793974068;1,45865847031828;-0,222460840393872;-1,90498359113782;1,43620580806991;0,219569396684357;-2,49315236108988;0,477202619826992;-0,282939284510153;-0,48919437785417;-1,80009357240654;-0,521335035462726;-2,65948117424707;0,575400800464774;0,663106403591897;-0,131824423542046;0,475144940781354;0,661951331862323;0,975646323596975;0,67352816359645;0,523820715472305;-1,20546663737889;-0,739606163376284;1,05203673200292;0,337340597930749;-1,07739708660201;0,603208077290001;0,985604588762123;1,84236335935106;-0,588933358724384;1,76690279775459;-0,947863783261217;-0,850250780169011;-0,141272378044798;-0,727713560579269;2,26167080092251;-0,533903075182432;0,724959419406517;1,32716354281874;-1,29526321117648;0,0807336277141799;-0,198943671622938
-1,47113707923967;-0,845742801700911;0,74335262775014;0,403126377980392;-1,10685823338807;-0,170502622716069;-1,04478546829202;-0,92859337351136;-1,00565825792427;0,819778487178204;0,701559962749676;-1,39424011547463;-0,0985822460701225;0,463150175989148;0,732899635566589;0,801134808492524;0,328902052362805;0,850307413331902;-1,49348845238982;0,113343943719668;0,125978090073175;1,15092369627377;-0,996533501848953;1,38870707716252;-0,923415242648309;0,785022160853405;-0,964003640734725;1,45763797687325;-1,24608168659834;1,38101153677565;-0,0439459697132274;0,473993349004673;-0,774193451987501;-0,0834787267191034;-1,63435825676679;0,872819401045698;0,894495072583415;0,54567853381413;1,24865553679696;-1,55499158391273;-0,522063830747551;0,261487946207686;-1,3550087858865;-1,51081260161101;-0,39608896639961;-1,52312088155041;0,635244903466793;0,54970297364251;-1,59249045808497;-0,21011662706377;-1,50851655529676;-1,2563551968927;1,18462504994437;1,25123100724073;0,717717032399661;-1,24094295547218;-1,45150425741137;0,852519833699561;-0,334403078446692;-0,27255550143584;-0,711589654145599;-0,883285089263337;-1,13791418094186;-0,840580216717967;-0,644991816719663;-1,44416855906077;0,850826736043479;-1,69293228551962;0,661152724348834;1,11926653051671;1,23610200916725;-0,072474755244548
0,634250123470327;-2,40993030902326;-2,07509880464286;1,33547309177914;0,424075240087277;-1,82378069504594;0,00960073534114371;-1,27038103914259;1,24195057445305;-0,305743054174004;1,35071845529499;-0,144174076413422;0,610496366583223;-0,569094974523612;0,559846430646971;-0,749095662905981;0,265513655729969;0,639767719568132;0,290646462452234;-1,75312505560516;-1,22468007530223;-0,465558200802882;0,512437596558377;-0,765923291988751;0,0631152768746395;1,23629809148456;0,263168670041212;-0,822208042444327;-0,818165605542885;0,463468830271453;1,01245733723909;-1,5319682695083;-0,572615738500425;-1,24601441330552;-1,17228564932857;0,854654142573733;0,257581565361786;0,470213193409182;-0,755343360949377;0,800764381721628;-1,30239438019937;-0,848315186905783;-1,16205811733237;0,479626882025371;-1,29282959669058;-0,379706255710933;-0,658990414412499;1,37615584363639;-0,893463363710758;-0,697081117972467;-0,991404752564994;0,796152643901068;-1,96568801723827;0,467804834984117;0,113023494580166;-1,39963566061757;-1,20822753128999;1,48965389697997;-0,411168267955368;1,12468661157507;-0,389632562793991;-1,52646773068421;0,887138912946114;-0,902723592574728;-0,464421363149042;0,714708673149082;-2,29080414720579;0,606989111948041;-1,59630683186501;0,684107723184931;-0,0661055292063158;-0,255649868513813
0,444573884082573;-2,77209267032917;1,4891920683596;-1,26865015197576;-1,96651509577026;0,610052747302594;-1,59469499728812;-1,78691383825708;1,11758766562906;1,16693601363468;-1,86059487314052;1,01615015024808;-0,675278967509493;-1,60990983333507;-1,45468652936712;0,117553271655052;-0,235751570161552;1,21260635151661;0,563706285807748;1,39329768438233;-1,11491570014662;-1,73871717201372;-0,161314190678764;0,249322769968846;0,716052981283027;-1,03490481972884;-1,25233697439258;-0,565197497206144;-0,237648695591512;0,710699865441748;1,63547199315823;-0,152308779605559;0,567255647638695;-0,17172140693386;-0,643959836964079;-2,09396267700489;0,265568862848324;0,947817494256063;-0,299596568904929;-0,0716126514719529;0,346638894262953;-0,187892685037721;-2,34457739012953;0,474147772068546;-0,550018121205226;1,29220104581606;1,6478767179931;1,74504084702881;1,18804444807614;-0,244072864851688;-0,249278412348639;-0,522217696092303;-0,675675285840655;0,895774968359012;0,363184758964686;-0,605905145837305;1,41544730384911;2,83285999932889;0,620511707793602;1,56555777928558;0,721939050456961;0,688242274596478;0,919660892959202;-0,535234425010511;0,445379030038081;0,219298720140725;-1,8347756126501;-0,481510611523458;0,390994720643051;-1,03839137902493;1,28177101250909;1,23134695919892
0,679024647305337;-1,71615333450368;1,0869683134957;1,19869858800193;-1,27539804122243;-0,0354679492671006;0,920270602177884;-0,154627592246893;-0,182162041708276;0,469719921498213;-0,02254663059288;-1,20466524785682;-1,10135154002416;-0,588760144261729;-0,813112229769754;-1,68615500296458;-0,660843917415204;-0,525787757746156;-0,500132011287447;-1,59706021955298;-1,72553406708838;-1,66750902566478;0,0590061872813046;0,27760430237747;1,86059991873251;-1,01148755998079;0,348814314512533;-0,054474195712235;0,76219508346966;0,415459003708869;1,30168944925206;0,717901845159645;-1,03040051048905;0,354904241012088;-0,561500906697102;-2,31532736796267;0,210096230653346;1,12028822465353;1,77665491566853;2,06605624087534;1,08144183295533;-1,95358710981136;-0,834930659544689;-1,89367425612749;-1,73235720484347;-0,971086626263203;1,57123085684621;0,867445470490807;-0,65008477359408;-1,30003512380875;0,630078117673308;-0,916704247497107;0,713520703713856;1,40683199726969;0,264302321978571;0,92281914282682;0,658946098314919;1,65678886883052;-0,138664640170277;1,09288700315856;1,65236477827885;-0,736879670334317;0,584809124060048;-0,530997512820022;0,47971922818394;1,5495030343403;0,774502418219441;-0,271880481834003;-1,8105223945519;-0,45584987450612;-0,80868482109974;0,308563237950067
-0,0745394665089134;0,00605182911485725;-1,04752877907228;-1,26119504303151;-0,621409757451549;-0,316771971572287;-1,3680914197398;0,335214244335589;0,0922852249055138;-0,467258904963284;-2,13632962568106;0,38161856853398;0,133602551602657;1,18833455900822;-1,49948758040479;-0,780704838383712;-0,712468676970194;-2,31379097971259;0,144732711754282;-1,26562913066873;-0,256647424730957;-2,51807223258511;1,64697118684657;1,37454105879096;0,0452586708074644;0,234445850587111;-1,31921118068843;-1,01194447250543;-0,816204430938654;-0,733845710688794;-0,275886652366169;-1,5817327281926;1,45633492174627;2,54425694405326;1,00027174490441;-1,25342472605279;0,810475100530896;0,652258027780979;1,67986203806391;1,77820676089087;-0,451890813518363;0,0290106233959768;-1,65146312668394;1,07350579377991;-0,764079560695084;-1,3922855474248;0,197132056673894;-0,905769563660477;0,998837955149198;0,21145575092182;0,542283683377896;-1,51673200153117;1,39138098127317;-1,80866144674102;-0,864385804996893;0,580619652610485;0,586026694892567;0,553676313269181;1,35032503174569;-1,55892882644089;-0,182003601996647;1,66370221654361;0,456187754560625;-2,33936998096582;0,290309442226715;-0,938698743692547;1,05598678264178;0,633108809447756;0,780803717272495;-1,11964853815321;0,554902619208958;0,710293260465828
-0,888948052696843;1,80216449219556;1,25676677803594;-1,63597330043263;0,0406146828347744;-0,599615641872392;-0,629617075516238;-0,253139454242381;-1,60401153491526;-1,84067912658043;-1,45938378702102;2,13748013989408;2,22857487841341;-0,315069703567414;-0,776698920574922;-0,0446453810284596;1,41368783847609;0,0891485659587016;0,526378236160257;-0,561859838884926;1,03898838259597;0,976589925347899;-0,321196285075747;-0,755488110300771;-0,843155992675945;-0,873857305624278;1,37717644810743;1,22236605907179;-1,52012360662687;0,545646832202003;-0,262704875402581;0,886500942086522;2,02939743624205;2,65389216970605;-0,446742107623688;1,38544493923489;0,729313873298908;-0,268789152059237;1,85484698822412;0,454698231753662;2,36377161321959;-0,244836859376548;-1,09874658970304;0,80941053162493;0,253140745821922;-0,664801386779917;-0,825360142685896;0,0539387523385482;-1,61239371876939;-0,839609117412566;-1,86862473761495;-0,500158816438543;1,16251752313987;-0,584758346262557;0,615941090770532;1,91569145430249;-1,00914683145103;-1,02548633077477;2,0162710482692;-0,712374356545565;0,645061853859713;0,891374268331278;-0,944514405248647;-2,10329503724228;0,240058789289447;1,20776744622635;-1,17660478267213;1,02095394606346;0,199910761129623;2,06401053628759;-0,845481747573649;1,00410062061473
0,216452587820036;-1,14681423367624;-0,439141663171844;-1,20745446257242;-0,0516425420882894;-1,44537704944633;-1,65360465012535;1,05813006395053;-1,29922595794659;-1,83992272098541;0,928485470860828;1,43815036651553;0,541591919228049;-1,48954574212885;-1,1307268665714;-0,398942961101833;-1,00590499568154;-1,73638550344563;-0,905855885582282;-1,20843998513601;-0,473606309771666;0,47447951939779;0,678782718072071;-1,04059564260358;-0,197571449478856;0,594446199809702;0,656868410957138;0,332068773393521;-0,77957790865413;-0,683671565791397;-1,35429325584037;-1,24525226608;1,38518404224367;0,227570992332984;0,612666405363107;-0,773243238544337;1,72679644339223;0,276694243305104;-1,19132383370263;1,11060881722316;-1,15782120117763;-1,4778016332368;1,54406430244296;0,170534917006803;1,00688737409101;-1,25827451033762;0,355427158958381;0,0586752519886727;0,554233212120214;0,585727283594435;0,508314475993141;-0,115566774474687;0,494561828107822;-1,67563759004208;-1,43620946785696;-1,68400682611272;-0,339070167751656;-1,5380624491513;0,551122416860158;1,02487536676449;-0,179943093474194;-0,253982853417747;-0,258587924363838;0,870028281534739;1,11264657473459;0,497691042076649;1,56720121707954;-1,4921915926322;-0,488023159284844;1,22924604388492;-0,458740199728805;-0,411822377536607
1,39906453752902;0,5770445378686;-0,679218130297447;-1,00142839786809;0,607404370889311;-1,55073908264154;-0,747203168786866;0,0871589595881899;-1,93307749240781;-1,69371919894122;0,0261423906949152;0,724146588374216;1,42814856748287;1,10827655225493;0,381247693853897;0,954902374033492;1,57585866313875;0,639050548446085;2,04892441901705;1,70063859956248;1,96379260129039;-0,93155946297948;-0,573965410772541;-1,0220606689133;0,658226218540048;-0,242046334843635;1,83726340013523;-1,70913311322996;-1,15036280815707;-0,0769892713642954;-1,73951278484064;1,32428538765149;0,766216959528453;-1,70829774611529;-0,360956261916628;0,682220891628969;1,17210178515056;1,92124306834798;0,194019988367157;0,508475734726743;0,952224827661463;-1,55835811919704;1,25022883722949;-0,211089685821211;0,590434117421675;1,56015524108389;-1,46789117936907;-0,952536101401142;-0,94924415997078;-1,51347224597974;0,115870749287454;1,15943135170424;-0,23962569637804;-0,25134092164945;1,22640667171401;0,857296095115191;1,76881903337386;-0,501625323693156;1,61811576838562;0,193398984900096;0,247577200307568;-0,907627367754772;-0,228168266733647;-1,15105589910695;1,36231348241004;-0,604996359645219;-0,44339524659358;0,0884370883866022;1,58225470513939;-0,555842333169352;1,83879722236477;0,542542881411672
-0,624622440556732;0,876996792215024;-0,756996491578038;0,396701488296232;0,503893844344592;-0,902344068815528;-1,26023061763775;0,615233527100401;-1,51953568057231;-0,659498732754836;-1,7175930526624;-0,984410457076864;-1,46737908889694;-0,273093076686106;1,24704036877398;1,51634215416708;-0,113060902224422;-1,29104304154654;-0,140769878465897;0,578122927424815;-1,12776654845253;1,38409170789002;0,900261056833728;0,098931649258572;-1,38769572483402;-0,0553266679950762;0,147285997915644;-0,365280049356385;1,60961203674299;0,0909130354058639;-0,449518151460807;1,95914051264926;-0,933848101086305;1,17165192323408;0,196514988990615;0,295044363630607;-0,525386541580239;-0,924401970697091;-1,14848464439279;1,59961104587026;-0,894896733809066;-1,66552329366386;0,0382069369911612;-0,947499647938452;-0,913888426838987;-1,23798553006679;-0,145147119439721;0,256084788906773;-0,042410863317912;-0,685101394675684;-0,909589112943368;2,06451760359311;1,90204062285165;0,0812121650315362;0,782349548391921;0,0333953707078949;1,2826446225693;1,29832996069508;0,743389435249477;-1,2036007560024;1,14522727553101;1,72533929096904;1,1078889558247;0,137079786606058;-1,32321731007954;-0,988217754288045;-1,06952808060802;-1,36660110758864;1,72351910477881;-0,383189087811043;0,862560867064289;0,134262325258521
-0,9794724954638;0,0988161235194994;-0,123605098633322;-1,14394727139646;0,329268810913776;1,27691768079017;0,163683377791032;1,69395659552283;2,11930876100284;1,56915116409591;1,99318252516978;0,438680364570228;-0,651313977260044;-0,101300073096119;-1,36027434810089;0,650887636575598;-0,434705783145602;-1,01028204785588;1,70809568325216;0,161276810738143;0,246951856389907;1,30756410989318;-0,996910097935563;-0,476124394989629;-0,326351697020819;2,27356033565911;-0,91169766589335;-1,30738657151453;-1,39145543895878;-0,244658054998419;0,479675362985244;-1,08629097819397;0,094725004205457;1,47885613864349;1,60028963345893;-0,447978428112443;-1,55379969162292;0,141509661042543;1,47815548908776;-1,39195267223328;0,244457257239741;0,775681872982174;-0,862807824487946;0,785811043830701;1,34760859512978;-1,42201514456923;-0,553057850571431;0,812761512497049;-1,52837801501059;0,218793566051336;1,30014206432982;1,08475312877745;0,0809024411700473;-1,13338940149972;1,60100932076433;-1,17520143675434;-0,235413081658024;1,85565838465452;0,81718755907565;0,32312976543303;0,586326955903405;-0,722804449046185;2,05532992879393;1,27059524272235;-0,509704762978987;1,63308658359045;-1,16767973512532;-0,120375141168334;0,122084766519149;0,221132433486547;0,710729207696641;0,28371191806085
-1,27277924147955;0,986548869588297;-1,15316342769013;1,03132819385968;1,24420408526722;-0,931716737072;-0,234747434292279;-1,00687856462841;0,587776879401438;-0,611224997521442;-2,08688373962607;0,337629538320343;-0,22505612883001;0,895676746411419;0,495236911556109;-0,00295965248441444;-1,01700998401599;1,38231352753546;-1,48059001895205;-0,848459332335768;1,32907161456856;-0,68400223876537;-0,776748609387624;-1,27941379882961;0,689602640417467;-0,221548716315473;0,380305221997299;-1,83220625215075;-1,45437039430055;1,6226998281606;-1,75147541402282;-0,0604152144344831;1,8868748421883;-1,82660705650699;-0,201894441098842;1,01494856423149;1,14784068304368;1,99388715379562;-0,190825880865711;-1,17192968665926;-0,70702270192146;-0,705964463739295;0,859387045864744;-0,989867976975297;-1,22502280219747;-0,451224014487212;-0,621003108054268;0,224044843606547;-1,0229487898157;0,128935678816909;-1,57378586009669;1,00618179288437;0,903586356529644;-0,0993968407740851;1,72988050421774;1,37361313982971;0,0589606427754702;1,93965400274738;-0,388205199267042;-0,409339307570861;1,15994316577592;0,379024401846807;-0,936876586413492;0,579207304810221;-0,480048536887988;0,717595596339582;0,55494218344342;-1,01911079200528;-0,819631495160894;1,71269133802769;0,936932621399569;0,233226856356068
-0,453022264493249;1,48097742400866;0,392151607025374;-0,431907605574158;0,357773019492981;-1,14215309241809;-1,48281828071347;-1,07712540112968;-1,50986872667591;-1,80713381452908;1,10738774603784;-0,0873197687680361;0,981022281302901;-0,792161899840773;1,00919011571959;-0,378342495392441;-1,30626150571092;0,946287908674238;-0,343965503949174;1,05342032904447;0,593910437026979;-1,92732851184846;-1,04414349417828;1,04028199759534;-1,30435308707148;-1,46691732923218;1,10365109080854;-0,367137841728396;0,878316790278722;1,51641274156795;-1,02713608838573;-0,701627186914858;0,866399704678759;1,28034161042004;-0,842616634269265;0,138138379219906;0,8927761503967;-0,256414689701754;-1,41135403183754;-1,45993196676622;1,18846580982687;-1,83873614313062;-1,11838186741265;0,643322458500556;0,414419826866488;0,174266618500208;1,1798144174209;1,45582421088814;1,01350260169252;-1,1062473208846;-1,51130307857209;-0,685906769209922;-0,250698694549684;0,812758303548052;-0,0166972453645362;-0,41078614133373;0,448145790838678;0,894306689512356;-0,835764574008739;0,0019832848360944;-0,430207992291506;0,412083946050769;-0,428882399558983;-1,29917796349857;0,716334783755671;-0,104923675157499;0,746729663629435;1,07844909755686;-1,90010892232499;-1,19508691821624;0,377568959149313;-0,128042171398384
0,89806205247059;-0,209553663442038;-1,81761023338828;-0,0450026514914831;0,887562541193199;0,0909186051167934;-1,13583742884208;-0,124894546867473;-0,880477625753598;0,844512570499773;0,50306441201983;-0,442890830786175;1,14762266191241;0,605120365605459;0,847107659260405;-2,24930732179609;-0,441870370023034;1,2812470174462;2,11432821428385;1,69865709824698;-1,3644881199843;-0,656873894224602;0,338853333934665;-0,8371765506457;-0,0337007232110709;-1,71966360694944;-1,66090840135052;-1,52100613914777;1,14069162439439;-1,72935557481455;1,11937473881987;0,384129231349822;0,538984268854298;-0,590267687524206;-0,228693245656277;-1,2940479883573;0,67046559100841;1,44994546584358;0,595015679015898;-0,934355155516396;-0,191341313137845;0,140159138180957;-0,724024495742836;-0,0131436710248187;-1,33688623371079;0,404057736969886;-0,445415050317583;1,21420050720488;0,395925579897609;1,27714772819655;-0,617139084663372;-1,0264048362633;-1,12239497677423;0,166414923932401;0,430687009005162;-1,05172532704471;0,556593546594996;1,57479416581017;-1,31251435460578;0,673378400662365;-0,00681055978585258;2,17378997547733;1,56298236052932;-1,2915594904441;1,2471682721174;1,61603474670758;1,14623641067833;-0,15956891324792;-1,20876494392345;0,701976832570419;-0,698634084793582;1,10635265309736
-1,08151931714322;0,10818136971007;-0,554970252392542;-0,0476564944904738;-1,78330320080542;-1,5925328430257;-1,17354026332232;0,778203350261505;1,11884289366045;-1,39731783431057;-0,265429446381056;-1,35811500695557;-0,0912125867014588;1,39784935940298;-0,487289833323611;1,52153766693126;1,07390253242102;-0,343942475582033;-0,087506170535278;-1,99129796239105;0,591213251699801;0,783950196125259;0,369266288493465;0,99810447557085;2,41197056532073;-0,667751048019722;0,212588905629352;-1,70037357130448;1,5216286719687;0,603301056131981;0,769051091329056;1,60322092506332;-0,666526915809535;1,45958608554351;1,70277906484792;-0,36840531884805;-2,24765191383677;-1,93639867347932;1,37883581855817;-0,50662685237255;0,0699464934772882;-1,00752590576397;-0,190461903445631;-0,496553558099429;-0,659605561511829;0,249440032832743;0,0474960007731316;-0,281318238712068;0,354694121591843;1,33890859654557;0,665884860307485;0,740516623110269;-1,55875138713412;-1,35267041730406;0,717185246994845;-1,30148937222442;-1,2280527662509;1,68304552302181;-0,140101266038166;-1,89942673974859;0,330929970919833;-1,41369542688214;1,08822642572614;-1,31362443434768;-0,778035586855655;0,219295177571233;0,179861485173946;1,08302117333466;0,564847607252185;1,39511881191503;0,53231928332083;-0,284365431639646
0,101259414387509;-1,43285972304721;-0,474995170606815;-0,679192973087893;-1,59937976844709;-0,896796154766731;-1,73277831009889;-0,449106067701229;0,130795039990296;-0,819908762030848;-0,510784740480469;-1,58043669964076;-1,92178603468424;0,871499073211189;1,1199325544481;-1,03637695006975;1,10471356836771;0,344502860595493;-1,00573408170972;0,200252710836191;-0,373787161909305;0,818111840032363;0,291798380936923;-0,645260248966068;0,0656007572425153;0,614340013561355;0,864481102900973;1,37824562234619;1,07081565489912;0,217599402732002;-0,721783713267281;0,555370493389346;-1,50704264459302;1,08963892054239;1,2373779663509;1,00530697657635;0,869334810081986;-0,749599417795657;-0,963814969988406;0,822271343497937;-0,112748780262079;-1,8632693789951;-0,620419046174793;-1,10008282662432;0,154685784306661;0,263803348596682;-1,7260363259692;0,197749708076097;0,370430317155558;-0,463328125997801;0,77751258460752;-1,55819148662656;-0,0185204577639462;-1,51218722031635;-0,866590604686327;1,22767252229915;-0,289686877756184;-1,63939785524626;1,27423379616021;-1,0749854509591;0,0593987624967713;-1,18548655328537;-0,273366595457364;1,28134942892787;-1,80006219357696;0,753904896508474;0,899203378223184;-2,00092544067332;1,17245870760887;-1,82228149703486;-0,327250093500322;-0,393137597785914
-0,480492329346491;0,0137119271009744;-1,70990492213899;-0,58851097050562;-0,444021052130925;-0,285573404418056;0,617498744841989;1,42960233314993;0,812788980324509;-1,2874888717481;-0,640230125783739;-0,685426008012532;1,00257870818167;-1,12657568546849;-1,35031580892114;-1,52437842533113;0,234316324122384;-1,56372589131692;-0,448228002353333;0,975152417951886;-0,128299863005493;-1,67751766527672;-1,05807265791531;-0,713861827060644;0,238996973317218;-0,146543820421993;-1,01761109169357;1,23081083543898;1,24084507358096;-1,30638939049961;0,443574890978478;0,425833943183359;-1,65680911030191;-1,20664825979821;0,500312053796748;1,1736564860159;-1,61013283856775;1,68612628269932;0,202870929219499;2,04525399626019;-0,891813682678739;1,59161895551367;-0,369709236889123;-0,607017150150986;1,23951031911277;-1,04542606285812;-1,0336088398111;1,47054381250921;0,473746616603647;1,07145583354277;-0,271724412537749;1,13246948080114;0,540143868338418;0,572552149313396;-1,08896496960678;-0,539297209916417;-0,367846820346537;1,12961017705807;1,71494133656939;1,63815017022992;-0,629174834745427;0,982009474880001;-1,65428414281166;1,23516136503563;-0,204914460679958;1,20583438378547;-0,975401262871956;0,204442732194482;-0,159556143771727;-0,895871323249404;1,6240733432657;-0,0793785373998062
