1,34500994880085;-0,586094986984886;-1,76741295680224;0,801472412778497;-0,970620231000926;0,876815600523132;0,35654181203783;-0,390656539697606;-2,43644932515292;1,3586694242305;0,991807101825462;-0,93926353283715;1,11451347329941;-0,67458318079175;-1,42374835309337;0,533554585230489
1,54094922871316;0,671013149526633;0,723150260304809;-0,717114450933144;2,44791752874127;-0,486729009160339;0,333399307132535;-0,911655118652022;1,33941406891723;0,310341549017616;-0,771322034218426;0,371682235924984;-0,362240776172765;0,647192361152608;1,81511572511699;0,83020870522392
-1,06661766025766;0,656041129073484;0,73829990368483;0,340575374707774;-0,554896934066935;-0,26374632913933;1,02965739070715;0,736412174175535;-2,68540339457807;0,653204456829551;2,09918745772744;-0,577107329076188;1,09418596339527;1,07364699307352;-0,736228593666582;-0,610224683813521
-0,789383350711258;-1,0899724083784;0,267212125229482;1,29630917234898;1,82721546626268;-0,738375966413336;-0,348034378758451;0,763568339940758;-2,02890619153289;1,35694566827732;1,72314810011028;-1,07284203322342;-0,40278731893909;-1,01025858383598;0,0637924456422131;-0,238589040524123
0,407962053913604;0,533836234645706;0,117819567653395;-0,450582723956009;0,42734707369811;2,1119341986427;0,634652635821957;-0,247611922782609;-0,0676913178321585;-3,04961823545986;0,493497834983699;0,165147621040473;-0,0623478388428614;-0,763270249457974;-0,949544902398277;0,253109792993959
0,567235432883838;1,51411203536156;0,769211666899801;0,745502479027406;1,56983498454256;0,387849910570675;1,71082302508816;-0,271745992388088;-0,785753816948281;-0,780631636760318;-0,0927567567504281;-0,351398913385555;0,700957037516106;0,281569968742001;-0,0894519400470859;0,427736412807776
-0,997262674879786;-1,85429161283294;-0,54810306467453;-0,251365840735866;-0,731903150761665;1,76748098576715;0,512031008690293;-0,999581317855314;-1,33297530952445;0,574602749166354;1,21886396990139;-1,33775664683924;0,168135043352858;-0,448790082166652;-0,265058579543879;-0,697658071626871
1,72138357112493;-1,12795500944193;-0,625245207937556;2,37330048490367;-0,811526563265189;-0,849793274350878;-0,198251316182811;1,31397318367156;0,0447663041167758;-0,755379800543483;-1,36156639059802;-1,38672165105219;-0,422673591312154;0,285629744865692;0,00780083369054088;-0,0815521196100521
0,562494487333469;0,091294800759944;-0,275467057454301;-0,0291579587108121;1,85431601926741;0,776340130092161;-0,655618155150286;0,51343587058351;-0,0564321452837658;-0,26986285000418;-0,603401554282926;-1,02654787799618;-0,50753522807584;-3,09522249221433;-0,274373455891658;-0,587935431687649
1,12765090529678;0,665437251246627;-1,66495799474273;0,0572816326357449;-1,48753446873472;0,216607427642006;1,83335045502757;-1,39654691473074;-0,777416159857337;-0,0944806420899048;-0,281976337814979;-0,813064807860259;0,109096269076476;-0,0442823988234371;-3,07933548988173;0,0518924519196749
0,423988765278099;-0,704514484927664;-1,91469854402804;0,418009774145405;1,05850554497888;0,943993588044766;-0,244555592909357;0,12795400014719;1,49508807551826;-0,14201994609827;0,00786498565963385;1,0646718424081;-1,02943995191715;-0,671202627202436;-0,357978700458396;-0,465321800043141
-0,356174245505648;-0,783336269117241;1,44449806750852;0,0581135931892182;-0,32147554926273;-0,861402486375651;-3,61072981248417;1,23838005048721;0,667446449098665;0,639290682173798;0,738589048367319;-0,0836753065873584;-1,04980293395336;0,0876284665317968;-0,0615070194321719;-0,0771912457406121
1,24743897371427;-0,629059164296218;-2,05033032386683;1,29896210647268;1,7790693924816;-0,603848558678654;-2,17326158189682;0,571910014461413;-0,29782308462292;0,0677711783591433;-0,844728923326944;0,318594794669037;1,01591023760258;-0,965103782045582;-1,03223346323464;-0,0718115987231475
-1,98234397491117;-0,401534054354067;-0,654264070603649;-0,223356262053722;-0,730029886094235;-0,473512935134749;1,94458178602337;-1,54463852910701;0,482107616571485;0,68790277727627;-0,131572593412402;1,15765651630506;0,107298315579767;-1,90917178056863;-0,667086316538686;-0,136344055060501
0,581224880835363;-1,69267152278448;1,76453711234189;-0,728083051191166;-1,69145942817097;-0,429211527189155;1,18808457971302;1,54640726219841;0,271548476761912;-0,496569215703246;0,152620654018604;-0,63542339768279;0,745734989715133;-0,504218804050313;1,35878302543987;0,116558144144091
0,809501669112746;-1,00535328090954;-0,506854414625533;0,26401567766559;0,340395287673536;0,42343607632802;0,304119055918303;-2,56949514234617;-1,44938060023476;0,427105983579523;-0,807164585575711;-0,245598590856801;-1,56339259205074;-0,412559452972577;-1,12598124894528;-0,958738685189353
1,72156145153749;0,672817580863808;0,448617004971173;0,749408469292451;-1,5796327720775;1,32824584755925;-2,08726682495422;0,631677517666714;-1,04119354818733;0,704722852357529;1,23042256906457;1,17605556518996;0,88742070174783;0,662654725120341;-1,55303573014342;0,654652293875831
-0,0485286803754555;1,08075501340066;-0,871324788892231;-1,04488247264677;-2,72383516330319;-0,35158445600378;-0,829572713121269;-1,40748153740513;0,374135255051881;1,16125613084345;-1,69831126246732;-0,291594844686208;1,41147696565983;-0,601249389191445;1,74465656763272;0,88295028423297
-0,0516613094905873;0,384202696111641;-0,159187524087641;0,623244459710615;0,232171129595072;-1,7801574542021;1,47292238843292;0,195770659679473;0,447811534078778;0,363931341749075;-4,11657937109326;0,599366905635864;-0,210870600242463;1,1756053116231;-1,75680940423397;0,0341659580797976
0,29053540079986;-1,37504583955778;1,72190641985905;-0,241135321414971;0,763711368469299;-0,420620642112029;-0,687424294091708;-0,445086628400653;0,434073619698403;0,242810312638195;-1,42537045323829;-1,13498509245223;1,42698288529763;-1,05839696821974;1,87499611317119;0,336917020361504
-0,0907872823498596;-0,305190485777722;1,10701802785497;2,11595751242917;0,181256610089296;-1,22808315161261;-1,17971475911758;-0,209598433092678;0,663021653812833;-0,281781212212183;0,00433425701705182;1,63527141476137;0,0342344614090771;1,37901716690807;1,43856287809006;0,273905922063547
-0,48239410140409;-0,519228843044786;-0,293946558428078;-1,68173871440519;-2,20638360386567;-0,294841546617196;1,85200965350262;1,08132815884947;0,867293059829397;-1,12118252691954;0,0992426166157848;-0,147287673335907;-0,000123214503396229;-0,490582176539308;1,31595288436456;0,0712597548191329
-0,966091882522887;0,231700397584996;0,478029008011509;0,0441842359981279;-0,197351502105177;1,15323169353232;0,509476243224564;-0,256507709924888;0,645271887938378;0,142920232821966;3,16791313528562;0,0169245423183371;0,997741093863272;-0,984455789254863;-3,05321269485471;0,0265519098341609
0,896507605310133;-1,62584910114187;-2,1387897569897;-1,96307874630115;-0,298745959557555;-0,174782156081035;1,20164983694941;0,0132435690343158;1,21774392015887;0,346932662916425;-1,05760078197556;-0,687593574087637;0,175755286085936;-0,503551028488852;-0,603240773519971;-0,0969272162258076
-0,57894563844259;0,0276698628806156;0,120269133842178;-0,111676604286223;-1,28504866966383;-1,05703260011123;0,254055526681839;1,40357703031128;3,19916595040547;-1,38999047159522;-1,34271574804553;0,747244301661257;1,6407066160739;-0,0683887749763828;0,352481520080506;0,209133243645136
0,608517457730059;-0,294056538019114;0,167614451921804;1,53141673490412;-2,1087142609292;0,162090105353307;1,11259056211639;-1,46516542244875;-0,479193363305365;-0,451483681156242;-1,49732648238535;-1,87642773841756;-0,430875159769829;1,77333303356165;1,63534946335753;0,146232702012411
1,97369321748852;-0,15009670934256;-0,450102440652788;0,198223806805885;-0,354075702185911;-0,829247114358966;-0,673215805740442;0,324150207346511;2,51566392372121;0,572506944178621;-0,986337591628966;0,432365288524244;-0,696979892708647;-0,508946521799365;1,33942597546611;-0,193162839316176
0,678624175034886;2,82425282503281;-0,808187972042947;0,681592112304757;1,04771972761782;-0,033679882600258;-0,983271005145867;0,549178354864674;1,06101415141966;0,24806066684995;0,121144112240675;0,478148943041223;-0,19581375484079;-0,586543790623946;-0,339818334262573;0,344501964228947
-1,74631820569264;-0,974156418805088;0,840908441254052;0,511920153518778;-0,846109427230795;-0,0516945395078621;1,55960769481046;0,330033659372158;1,77509950181169;1,84002232313949;0,432561291452044;-0,274022045931103;-0,981904847657143;-2,02433862437418;0,577702933249036;-0,563169764251312
1,27767961829196;-0,730031612730804;1,33894943099887;0,40431980139308;-0,223930057899885;1,43891906019536;-2,07961341100833;-1,69000525588963;-0,000867575218988855;1,0227896688537;0,28830387469864;0,672331150529133;-0,119101389521108;-0,799511263461331;0,480176527317229;-0,320829663443574
-0,89294780853579;-0,595435299330534;0,0745388120254939;-0,411426433468231;1,23371229005159;0,39416351347067;-3,09792246988487;0,827812700321639;0,626792952536725;-1,89541863947274;-0,116967797514148;0,423381198161309;0,176610992788621;0,617747694940068;1,45609688808544;-0,17886409399022
-0,897419981467116;0,40887377712571;-0,150680808825492;-2,21054702847025;-0,580248548094977;-0,513126464808087;-1,02258874409496;-1,0727127359813;0,574402252800342;0,161272317325775;0,0448870375564495;0,736922175072581;2,37115362558008;-0,41758580301406;0,97823396152972;-0,4441342313341
-0,424698484791219;0,728142761813432;-0,0894428459733877;0,0823843797416098;-0,117368903907996;0,73244197041336;-0,743914240587663;-1,32408454359412;-0,0275237955602067;1,57911205521221;-3,39447382054413;-1,10815297953989;1,15054341904436;-0,765933281007371;0,155375073644273;-0,152712164357016
-0,335354716562948;0,996512721749022;-0,303832594255247;-0,250855688077897;2,38453704739605;-0,725201848581397;1,70520281628515;1,47023095561648;0,0152767501152907;-0,364425379542056;-2,18212421257584;-0,345154923772334;-0,530045341673633;-0,165369577035083;-2,56858704316263;0,268114596637243
-1,61832907640989;0,620980317717861;1,59563294436489;-0,343107671782113;-0,601166304768171;-2,04984101524105;2,61655292433521;-0,603268088643441;-0,0305024516667149;0,34687198829665;-0,756927804842402;0,444422895740517;0,0125196169844682;0,220150958466353;-0,547833000921716;-0,353355396920748
-1,11558135623173;-0,453504321070917;-0,288805203642757;-0,0587918196304824;-0,415285014337405;-0,360066295169221;1,21825725531478;-0,140431065901283;1,92232124742372;0,912850284215274;-3,14190139962134;1,1611031306586;0,730755452984371;-0,447819091208998;0,396663230368731;0,712501254519909
0,0163526312792488;-0,294112152703304;-1,11912890788405;-1,92192445472679;-0,697613018939096;1,47663184539575;0,192426656272236;-0,693245297710065;-1,38045135700056;-1,01420705008337;-0,758287859222167;0,389570348856916;1,57405086772825;0,261855110489085;-0,104626309102958;-0,243648755911979
-0,706804421233791;-0,731524141072265;-0,653406719583931;-0,227233870613313;-2,09226044837904;0,749042123202054;0,599212986444984;-0,17413506980063;0,506359638055695;-0,156874046584804;0,228377790033032;1,49815118865477;0,0637525448780574;1,02342793764491;-1,10301733389357;-0,319922362790588
0,631023610712682;0,662468322813969;2,24081523021976;0,97128531601272;-2,12692034757016;-0,257949499098283;-0,459960414327849;-0,336792739386199;0,310049416953066;-0,404699683146153;-1,74506571675601;-0,262939523958048;-2,48791772383537;1,01588806253069;-0,116150836039713;-0,051484489759001
-0,284759995867912;-0,140686118567134;-0,364799136065376;-0,182744933763521;-2,11818012688381;0,536550433354978;-1,13853413020366;1,55817179300824;1,62018881323994;1,37135154308012;-0,0294486767237929;-1,4436292624314;-0,856761793882325;-1,05934036561159;0,60058476829977;-0,0184729797265488
-1,78609785142686;-0,0852490254112382;0,659314430828446;-0,309031570037082;1,10413320840185;-0,202635315474743;-0,681265372391962;-0,387475238100658;1,88494786222061;-1,54928460362355;1,87045248349526;1,09135711996751;-2,04368883535258;0,992986551883103;0,211508184590326;-0,768432610555788
1,03131408293868;-1,67011475363057;0,108970393351422;-1,56465671763407;-0,0354039146411901;0,324993860079382;1,10107217821671;0,407017576019848;-0,245495235448418;0,272740409593506;-0,215599381800218;-0,899383683386494;-1,81670513222243;1,71683467855051;-0,433241192116689;-0,45941026750301
0,587581085491376;-0,684124586019217;-0,269918108487403;0,769423845687512;-1,73163278594386;-0,739322773410543;0,0766417895712779;-0,408251881449112;1,60635972696573;2,2227893752024;0,957571362118815;-0,390660945315942;-1,86294641862661;0,153925088384281;-0,599657143228149;-0,105245331058128
1,71916199883771;0,658491315773268;0,925077928639936;0,809120860744354;-0,944547808668282;1,1041797932303;0,96666249479094;1,14660763771083;-1,23034264257708;-0,590486475099998;-0,856069605878869;-0,183401977963157;0,413754235276819;-1,40252062906305;-2,44338380639749;0,587480285273008
1,92083529710515;0,598822928252338;-0,0151710530321403;-0,512120204557297;0,183682518526546;-0,630212865597425;0,0574666131711421;-1,91350509961859;0,714777215848691;1,62798734767269;0,697943098379741;0,569936529425824;1,96630359690969;-0,477588096810776;-0,226131442138856;0,344411551475238
-1,92483891874808;-0,852622944846551;0,147522385568011;0,833833203231816;1,09941830582592;-0,529731432974877;-0,835262649823199;0,286673841381692;-1,66646189191305;0,923417420233297;-0,599755505298437;0,0408704604253145;-0,118508992177087;-1,91420120727045;-1,51885881322007;-0,601076166743767
-1,09349310213192;0,70306017414527;-0,894409468208458;1,63839458959618;-0,568767329152577;-0,117107957834804;-2,12616270175626;0,996501042960955;0,524591834835769;-0,943771647835909;1,54976413605613;-0,0550301414780722;-0,480352217528838;-1,1472062419919;0,903366731728612;0,436364500649851
-1,66045638988526;-0,607147428324587;-0,24300234366199;-0,439595549838153;0,538763272542151;-0,475902490861208;-1,52279085939181;0,812673910530869;-1,75232074268117;1,24921363106866;1,45425407693594;-0,290772828726633;1,92242631827634;0,84709076720816;0,74145936864874;0,123570952771313
-1,5933090540634;0,320783419312821;2,52004660738819;-0,0835051172547966;1,90624098047314;0,683952924486751;-1,35781253880292;0,130069493246347;0,137136801002905;0,180408035241792;1,82539129065168;-0,902860356247209;-0,785340577881685;-1,005781091866;0,0101749665459446;-0,449488865299385
-0,358897568380096;-0,0252161813253261;2,48510640040583;-1,73346768303746;-0,842495663727729;1,61744794426346;0,529252246508681;-1,08477371819124;1,15293762157708;-1,64003196801186;-1,19180841661367;-0,141269175755585;-0,479523527592475;-0,50788146769246;-1,69450000555768;0,409864209083811
1,52793262729967;-0,385330113192718;0,834922789547916;0,468945286993754;0,203855971750758;-1,0022928219695;1,24982564907168;0,248363495918166;0,420812127068178;-0,225033216446679;0,571251587315966;-0,784902637275993;0,19570172591816;1,87748061213307;-1,78930161663571;0,53440210230903
-1,89968246039405;-1,3392466418243;0,522978964881781;-0,285567899922774;2,4498654794473;0,286667614351643;0,771594714077613;1,20197071185273;0,690541785891735;-0,374267701979221;1,11065474184114;-1,77685961027515;0,311509691467763;-0,571525431611321;-0,78106345339321;-0,547580519543137
1,01590823292735;0,743866993003678;0,414544279176353;-0,828139454180927;-1,24309902787608;-0,207756093411712;1,64762939942108;1,17118279103349;0,013172640954608;-0,141833049651037;2,694800311706;-0,315337352562811;0,854789191215772;-2,02801062651937;-0,470123906872639;0,0366517315754701
-1,64815339034736;0,0805160246922543;1,0175422401882;-0,272763285014384;-0,444086839728723;-0,567705943731013;2,70311580176285;-0,0638953081400171;-1,67779490156527;0,347594390062411;0,323580528778075;0,310571075278271;-0,735296790246187;0,368409495945522;2,46215750339398;-0,696700227572647
-0,0995003632583055;0,459234122038726;0,8342564530661;1,41643001163714;-1,22907646399408;-1,37763540737371;0,0823008472644517;-0,443371010076322;-1,09673109369889;-0,3284061827459;2,80778447525078;1,73644515219642;1,12012465880508;-0,571836168840835;-0,511626507352082;0,418742715498392
-0,49691305710103;-2,26744254834282;0,750154607882231;-0,0911934066840858;-0,971877994163817;-0,890824334983959;0,321199246909068;-1,10014233852734;1,17768489531061;-0,471138677384862;0,188734304511055;1,42034229378595;-0,822329477563395;-1,32711121318539;-0,729978190212779;-0,435548587504152
-2,11706506537958;0,343894298269628;-0,337093485899213;0,71438070500663;1,05615398362129;-0,168634336345591;-1,23674538973331;1,22239092004169;1,45470802884356;0,955615514027968;1,53777912061038;-1,66236576327106;1,26664499769283;0,204994231703969;1,18813850769944;-0,216574010848853
0,985073241614459;-1,03501615139457;-0,285993247324042;0,0440741745494528;3,23266412391892;1,72324391130677;-1,23976325846264;0,763660981245444;-0,183219543144567;-0,832676797069653;1,18616160606844;-0,0738940466104166;0,264961722541794;-0,0545898671360061;-0,829923739472609;0,443245824950432
-0,573468793015159;0,964977055743482;-2,18239076326276;-0,9688590123662;1,42857683218509;0,338970226185817;1,14200725594008;1,06037865035214;0,0858598430012231;-1,20400710909022;1,44315020164081;-1,86918919904986;-0,51134181337148;-1,56631791110261;0,247451139092163;0,0192142527132148
0,773962503631204;0,176074281466869;0,886932357204007;1,18729978916269;1,55132047374156;0,940767108021508;-0,528928009373316;0,59576613655441;-0,579578842792582;2,80080759733314;0,674798075185345;-1,1185164379374;0,174633606035788;-0,457237172619318;0,209936911132356;0,166296271074963
-0,685346584716512;2,58411670191504;-3,34354403341866;0,384855282748427;1,80672492733076;-1,31625349701225;-0,858215397105267;-0,480899398739273;-0,171863112143337;-0,993359638773789;-0,280619265094111;0,388771577357586;-0,417026435112819;0,179981144893522;-0,555998982820256;0,364246958622126
0,69488405101119;0,517122434596187;1,0516238408792;-0,23140003883638;-0,220306912518444;0,327834521978412;-2,19057507476553;0,872893701323472;0,243200277973146;0,0416991296518725;0,742667451420414;0,5436521543062;-1,73012735427682;-0,417116224869386;-0,642490239821974;-0,0264583713889347
1,68319788411131;1,85537535579036;-0,309167859955941;-1,86500562318011;-1,88506804232222;1,79256622691546;1,14337810517395;0,21402588252529;-0,511479513233401;-0,905033865657315;0,712720046971696;0,906831631302819;-1,04380232637343;0,12995536913558;-0,0559742548276964;0,590030564914405
0,156947538714226;-0,921898283654957;-0,976131077016712;-1,54531416266006;-2,15843754127237;-0,422429816763593;1,27340079570822;-0,560186381960829;1,48664453730244;-0,149472851038996;-1,46551647215494;0,413339203272923;0,318323330168602;1,23569286078336;1,244464155356;0,22448613753859
1,23184814682915;1,11944020871775;0,696650529217344;1,17544187208113;-1,07001545285133;-0,627736414392028;-0,388068388929454;-2,01651987452938;1,38756250522146;-0,563843927741698;-1,40930325647757;0,404475327494498;1,01906855251848;1,4925861727201;0,442645717099932;0,0527216060814434
-1,34482589123553;-0,815291637978306;-0,402561845528134;-1,11821413174321;-1,257339821036;0,683402126256101;1,06470261868206;0,0261173090964722;-1,7289696636024;-0,679746246882246;0,306591434048769;-0,723043127337611;-1,19251051121617;-0,0644775238768761;1,68502992461122;-0,465161560006668
-1,43485461340948;-0,701363994450536;0,55277648791448;1,32897637634764;-0,910843691632752;-1,58988651682841;-0,276200168217242;0,708107855693221;1,04778307473639;-1,07193080803285;-0,493041015779044;-1,40823430283292;0,699279125858564;-0,52472503426825;-1,41248356743774;-0,311352739960187
-0,658857075049669;0,746198235318555;0,624480530266069;-1,0176356595628;-1,3639274208631;-2,09476634038695;-1,88596922672563;-0,0327356166871359;-0,924585247226468;0,0637178712010384;1,31832180497566;0,34740097511782;0,481662446146592;1,26076959806098;1,55272201673635;-0,450153898573957
-1,33308990036953;-0,777257330096689;1,01036640172022;-0,857675881787209;0,344965597992933;1,35717425089452;-0,0571799844908744;1,00635074395846;1,6809109311231;-1,79708792352976;0,102684647826551;1,0009881092129;1,53429573910149;0,893967655427103;0,863435842785399;0,0309162405868153
1,92144459551095;0,0705283987095736;0,57824719944421;-1,6288305401001;0,0374643730511246;-0,540368379780147;1,11861955395938;1,00002268140791;0,884920684124323;-1,68640862126762;-0,930875571960907;-0,815758399693816;-0,399443653137863;-0,142881715942575;1,71275245749668;-0,280009594500107
1,59496726047274;-0,781279575409019;1,39750778811387;-0,0316021488310479;-0,193270849774991;0,653448629572715;-0,765566501945479;0,723353005775995;-1,81355340743188;0,0376296950245095;-0,70126185552328;1,16500899531299;-1,24788183570087;-1,71126567350633;0,45336797641458;0,328603546556932
