-1,11950998408614;0,943976138224425;1,49821611376646;1,81956742987851;-1,06171311628723;-0,407223095492603;-1,24667299912745;-0,620895653091667;-0,938043776279988;0,248112520998944;1,65556568006282;1,09765459391094;0,206738032719324;-0,142889219112002;-1,13731916612023;-0,473331252362349;-1,94489187551322;-3,3546528789214;1,31840907225208;-0,0740805603886318;0,84950699358356;0,241374832984029;-0,0507530786329567;0,643306729246296;0,569401200721552;2,89054160904757;0,280634679905313;-0,642392316506565;0,981328060590661;1,07312663955557;2,4273166355158;0,316078651918268;-0,0598105290451485;-0,178408912353633
-1,13211748656027;-0,743648369016169;-0,571019582523359;0,664751307257447;-0,240663976316697;-0,827085932821799;1,12375521065438;3,64628798134348;-0,298457485885298;-1,19233965162817;-0,942087238586192;-0,134730695555278;0,762833618615622;-1,24045655047901;-0,317854521754058;-1,8428710597048;-1,11114155636149;1,65525639906964;0,247438991367296;0,348961336797823;-0,628835081934552;-0,155297386626682;3,49721502958772;-1,07575368574833;-0,25297867014395;0,160164746129546;-0,338386228007483;0,108271156297523;-0,696484006088694;0,329897208327376;-0,428033482952341;-1,48856997627821;1,23666858677092;1,42849450204739
0,326091921625538;2,54627257296024;2,62506891786502;0,0151849976254104;0,0425467621074822;0,273209452662963;0,249831445619055;0,111020278160561;-0,183683443181196;0,601934524687448;-1,42756782803417;0,850780279308741;1,11426479865648;-2,2678716048456;-0,0317782183219327;-1,34791812260669;1,64406191991057;0,0768676268825326;0,695152075060448;-0,634963205101294;-1,96077826272096;-1,70544736969486;-0,752657995524506;-2,15354119967959;-0,382620096282401;-0,24956177552691;3,88674595720767;0,0397249101316476;-1,60391961178291;-0,187770331279373;-1,69916135169109;-0,839646577517359;-0,491251352176147;-0,0302438492830515
-0,794617553695597;1,28986777631426;-0,471147348827529;-1,37957204575829;1,07286584339806;-0,153153387742259;0,315499769929593;-1,11656792424916;-0,220032408561032;0,87892585626644;2,56691586806216;-0,167473302832811;0,545505506027316;3,64580056336213;0,249014802593243;-0,341091955520409;-1,37601985715706;0,484248792947204;0,404715742240722;-2,58831053970856;-4,39153900607572;-1,68561229514475;-1,09969764274595;1,14346992922542;-0,666742150965555;-0,91159606713136;1,20074884104136;0,883198939999056;-0,640314240476441;-0,966927084490179;-0,756697898576863;-0,309319982099055;0,339700489257664;-0,862543038038926
0,0594060644448723;1,26856078690809;-1,65138162916987;-0,517258123981893;0,588684419329049;-0,736652128422568;-0,678014561441613;0,562288647511023;-2,2063880568209;-0,487578056980229;1,7688417743723;-0,0748339851378742;-0,361313692117743;3,13749546995253;1,52709857847281;0,463640268619993;0,575129703247131;-4,10688207601565;0,0608822474465821;-0,144963754523831;-0,163542270913518;0,353590562511044;-0,202347010312879;-0,37780067135321;1,30216637013323;3,42266464938057;-1,47744564840268;-0,37464426309766;-0,694964732551314;0,010646475234758;-2,0731644174442;-1,40586568729274;1,21637649146112;0,0529768529151447
-0,806933478060527;-3,10964643680218;-2,28590446526307;0,00261166238625404;0,25452428301709;1,27656978777226;0,813841694381385;-1,54661678317209;-0,426033515558743;0,228619101358622;3,29301982524229;-0,499119031045517;-1,70849313920956;-0,986065363170834;1,74891751030104;0,547097360265707;1,14266615466206;0,0574375980369321;-0,271806486012046;-1,97940677832786;0,0354123369162986;0,230926437655059;0,927257839137534;-2,58649967108849;-0,162656910890848;-1,68356000918125;-0,0425402382398231;1,13888100633488;1,86960648885487;1,34452520727158;0,820518402374584;-0,315531952041206;-0,151388238082828;0,821292971947996
0,0978279608966917;0,381404610050712;1,21460534671753;0,552894551820278;-0,911994400217994;-0,174517688817371;0,797574708572135;2,46914188364517;0,250756504256681;1,31225129320002;1,1905631253853;0,184624479584873;-1,46689220916401;-1,63536055758265;1,1477756475166;-0,310418621081139;-0,22106604280015;-1,0619004555224;0,949056446485434;1,90792092963475;-1,27899952105011;-1,3635316567532;0,253894697755275;-2,80952388833525;-0,277421160930815;-0,23013379404892;0,277894108001044;-0,658869728663901;0,824581091709965;-0,945031079333788;0,552888696756595;2,78477454472872;1,08096208712313;-0,211076678738958
-1,61144872570086;1,22671722055477;-0,997925983597965;-0,256234409289685;-2,02004862003328;1,30589939799106;0,529956849326854;-0,985051190657889;-0,436705045827107;-0,867031441792639;-3,07744923322022;0,468198054210516;2,31478855353376;2,44464784533779;-0,108342908386739;0,626240050613208;1,16758792030825;1,80511561567297;0,936149858232738;-2,11933081720269;-2,86166862830235;0,0859666484082733;1,87723226552701;1,09215996402765;-0,36610349514058;1,34784605270416;-0,201085841491484;-0,335935327485354;1,15770143722067;0,230601443506643;1,48164155849733;-0,0525199402836023;-2,3170407728414;-0,311126758305882
0,0789724071617086;2,38613634326013;1,5212139734992;2,35746272322278;-1,00240223066597;-0,064822925236934;-0,158403259041849;-1,21244054673866;2,29618446479919;1,01252526346262;-0,103170465908231;0,426495920162329;-0,11895931371819;-2,29721107786418;-0,820962735016971;0,446307962531812;0,584987805930425;-0,203954097184452;0,703585839807854;3,02262680448834;1,65428226465887;0,906922051265539;1,54188798678997;1,21150800715247;0,0495798062801088;-1,08761032768381;-1,83145522591729;0,441999776397318;-0,250025956546158;-2,04521605828869;-1,46867116010014;-0,61046458368736;-1,21786418625871;-0,412450282395843
1,70567828245644;1,60479340492776;-1,87082430414808;-1,31726739849009;-1,29383372443995;-1,00106004650273;-1,23891853126801;-1,05842883469063;-0,366535322066283;1,82892657734314;2,27143657224708;0,411861776716717;0,803436372675752;1,36634405018787;-1,28338124353611;1,3324717714905;0,443427001444095;1,79312526480527;0,350380146570288;-0,76409628780109;2,36183946049095;-0,0798437781679306;-0,37309524138316;1,33254871590187;-1,52642575114123;-0,89759377935147;-1,19455776135394;-1,51933677470355;-1,02949296004505;-1,2167668869525;-0,873941939213468;-1,24911204662412;0,401268905374501;-0,29691480779424
