-1,18451036019088;0,905639066516805;-0,909532127271411;1,10247212747906;-0,927674461799819;-0,364632512402428;-0,953684132777443;-0,383218883189396;-1,1296290688176;0,267207599094063;1,71210325918299;0,947415853346683;0,123547324631987;0,053957941909045;-1,28447219857449;-0,553859148416984;-1,44972267475069;-1,66323315855759;0,654287838677665;-0,552620839856812;-0,584715665876281;0,783524952645985;0,0534428223642651;-0,0277410849048448;0,448426135755812;1,21857141261447;-0,0288369925268176;-0,313653241654471;1,27653698257056;1,05433998179785;0,264792945770761;-2,18743404486096;0,285826365393963;-1,07490411854107;-0,981641289904806;1,02135588872654;0,231435211937944;1,32860103749892;0,161115466137947;-1,02528129745592;1,56435385273744;1,02957133294723;-0,0777277638825468;-2,06010268797134;1,77299778519674;-0,054088955333656;0,361575703475945;-0,67957403253368;-0,219510130936167;-1,46414537320992;1,74290691192745;0,170216855502728;0,0523907034148423;2,08724995050003;0,943008710611811;0,0306907695735077;0,737949442766393;-0,666487585504945;-0,140060393953255;1,05360478951411;-1,8998665910729;0,623680052344264;-1,61558704689929;0,455476829774524;-0,203145350797667;0,381189558145198;-0,138588206901951;0,0420014273166611;0,17617744966425;1,7619215708926;-1,07418788009269;-1,00749460893832
0,19710614092575;0,200250786524866;0,766283058115498;-0,532752131770428;-0,736401118950989;0,729129998103728;-0,42099968670302;0,546482200752312;-1,11664413242131;-1,00390912716676;0,0651851688129473;-1,42901050791439;1,3124407516142;-0,68665305991544;0,666232403253839;0,716561209042317;-0,83223144948722;-1,73095988833886;-0,186180846939612;-0,611010724571588;-0,516499051987749;0,998298694264119;2,363753434705;-1,11799435062105;-1,69514460413742;-0,15780817449412;-1,4906485014746;-0,321414201423416;-0,346664029001914;-0,399405352309542;-0,213259009724458;0,219622333487975;0,933999369861689;-1,19890461120212;1,54159462993285;0,2945583531983;-0,443151438600603;0,403323926594974;-0,0909955894569685;0,881159786810096;0,185978865086314;0,0797607087517098;1,94121383000939;0,355854158217898;0,855369360310382;-0,0955459968547704;-1,00461131792876;0,0150292552875276;0,878830923655649;-1,76970821140007;-1,92259009720095;-1,2705452562128;0,975695029270967;1,72462855843646;-0,43405665628995;0,358577657502839;2,16651740659193;0,56924138285571;0,217251575920063;-0,463519388680339;-0,936085671481879;0,0713264213221965;2,27160440926878;-1,1100943492671;-0,242884984825555;1,40865267868393;0,544026471745693;-0,50219486295224;0,343010960612629;-0,822571731357472;-1,24774456815377;1,30224278168873
-2,1050986953276;0,457555497009959;2,2624984186323;-0,230680434443795;1,27134269087148;1,74920833651525;1,36586429128979;0,365004269077087;-0,79742570811876;-1,39660658920908;1,11441869532126;-0,377523895557593;-2,06394210124217;-0,282107853414479;-0,258409333407743;-0,560513138004902;1,23988071384602;0,343557293290643;-0,865551465034768;-0,299048336284248;-0,187360519680889;-0,541091241410877;-1,25580842946615;-0,535809056375629;1,27573002350473;-0,0230907830258189;-1,08672944184008;-0,524935654369868;-0,97280315054004;1,3454325327973;-0,0237671323585763;1,25054851927297;0,866438534683234;-1,72270337759093;-0,372161756747681;0,177613336365457;1,93703368801934;-0,47549130121555;-0,820224593437408;0,194928573499621;1,54712990802081;0,580322626408457;1,03067147771378;-0,386701126745012;0,402238846319632;-1,58305352315547;0,501409349290153;-0,108475011702508;0,2934947428893;-2,05646740119455;-0,427472157444571;-0,989879656576807;0,298754570519333;0,937875216441825;0,0954964578810974;1,03587843725732;-0,0442376486614822;-2,49890489536949;-0,630600214357731;0,107363104258753;0,049818008070163;1,00938641578293;-0,249774456668842;-0,502829537868915;-0,83029218442491;-0,262520806502176;0,290851498583533;1,38882180243316;0,278196246671397;0,905523230351955;0,280867049968259;0,0989382059187846
-0,633988763155262;0,0682120184543174;1,30781399359884;0,016806935789936;-0,689280974911267;0,385097587342511;1,21807527838809;-1,5340489419862;-1,19312591520508;-1,09079618674808;0,550102633968273;-0,444291941931496;-0,168176744549775;0,556280865065273;-0,502677633933722;-0,578848191842004;-0,117787742431631;-0,603486047294374;1,64497852395744;1,42970550377;-1,60896124355505;1,29402090691924;-1,62514780615122;-0,213623510324751;-0,0875707638211723;-1,03669414985728;-2,15040740169981;1,03447622340542;-1,38122152819581;-0,533104249343244;-0,934912681506395;-1,11835072124327;0,505025438231696;0,14105303381745;0,771632729248891;0,0913180686051212;-0,27727728953563;0,253572767840319;0,492436673936739;0,777388387420544;0,845032820879163;-1,47056102949988;-0,797481396240315;-0,144598045520131;0,734172394891908;-0,49859650443496;-0,374307320467609;0,159745286723409;-0,170469681419756;-0,191931073187326;1,91843257467745;0,262981090896933;1,12538188469213;1,07894736305114;-1,87352796852729;-0,607793947393131;0,248995917072179;0,338948046823198;1,4798500289924;1,5150677191013;-0,970235290104039;0,29152668860024;-0,0992051509459593;-0,532951932385969;3,10558801244356;1,23539262773326;-1,6674667000185;0,853691144842059;-0,00115121923633803;0,598391365101919;-0,764149518816314;0,358064671137701
-0,859978507193633;0,851386426753414;-0,307426370102229;1,54617843283529;0,411667372606538;1,13279203055639;2,57220765107654;0,493023482542638;0,295700400725535;-1,2756918489304;-0,780943981018667;0,736301121923142;0,939600811390841;-2,10600253593166;-0,279133498747021;-0,557194873017873;-0,103252304975206;0,668877223530238;1,65214586065893;1,47663106128829;-0,399226208979576;1,17621778290691;-1,38344712384802;-1,09005932217339;1,18677245141528;-0,0817447199935991;-0,252206441458476;2,02968548378417;0,330450354994173;0,553285056717558;0,555399758737786;0,953411579964949;-1,37469497847395;1,36218475099023;1,34250378788212;-0,77517246356811;-0,160260332181792;0,398286481631843;-0,576358621329258;-0,271936864612049;0,384886674151153;-0,687825175675898;-1,45497429611413;0,283908095247631;0,16992083941757;-0,971887596193095;-0,968188593832658;-1,34116581765759;-1,08756710743744;-0,072941394821103;1,44283392680015;-0,976770834770441;0,404617637836687;-0,353056633805911;-1,36227441354309;0,823586300541022;-0,320604689501914;0,226833665564211;-0,132404234174485;0,392185313970243;1,10902487711139;-0,311072006150131;0,0423230140022087;-1,31287302500818;0,370448975642066;-1,17761589883036;0,512046400316215;-1,14344848288195;-2,18386111019752;0,553720878032579;-1,35650898096;0,468725324544865
0,419076027076588;-0,511484130585043;-1,37767978160298;0,195521977064167;0,736724257293857;0,649209325988541;0,586759623960945;1,86508421460596;0,105215444441848;0,364909546057233;-0,864476165889996;1,42333422640258;-0,915939791639596;0,0659539827931469;-0,326194694474533;-1,21514420560064;1,22093631529874;1,92050466203799;-0,303778174433174;-0,932954779039275;-1,95723811694371;-0,0367217964981415;1,4249794743137;-0,386341918662095;0,0231558459701079;1,73156435673111;-0,636443255178571;1,08735266631007;0,748975587759823;0,114595479754693;0,0469127051279102;-1,38854368439872;2,55157410547893;-0,123572793047613;-1,37922695942284;1,21759946314402;0,458966359282939;-1,43111112977689;-0,962830684980344;0,601952898194579;-0,326355266310609;-0,649990951473769;0,580427459882102;-2,01744764773546;-0,452721996965325;1,70372710197963;-0,474577412988016;0,5886964476107;0,838264725485651;0,357955331228395;0,716153790011098;-0,914306118665887;-1,00683435127193;-0,824139418903352;-0,589201488300073;0,816351010555413;-1,6584315956919;-0,708321537349748;-0,778150885856954;-0,060419702263526;-1,46508370961024;0,377948144007073;-0,980896091010462;-0,342148796334887;0,00300087268050564;0,923418021288627;-1,17862864204572;-0,402966037035875;-0,0783548538437726;1,13398459125746;0,677063688786949;1,3808088359686
-0,841749864580729;-1,97052803366378;-1,08564520543727;-0,957754106573901;-0,355652284964538;-0,030837837319345;0,0321134526867644;-1,24270311595102;-0,295016374955417;-1,83174696067366;-0,163671269675674;2,03876745285754;0,215016210603245;0,988989005278543;-0,526116008926148;-1,25018371541748;-0,450705247471323;-0,968703477505515;0,689812838866115;-1,16047446572574;-0,831144324678505;-0,653520890455616;0,134620681825338;2,35589465244476;1,48881988439267;-1,40892217954339;1,45744566340772;-0,178530584888604;-0,407918143411228;1,20424418820555;1,09184777623764;-0,847047514018168;1,05707345001194;-1,39193887357179;-0,530917522485916;-2,16416221394433;1,14403066602627;1,52725891708323;0,588959700335623;-1,15368326977247;0,165116432629773;0,574965615661534;-0,364019304575519;0,403036767855128;-0,068529110215415;-0,0200550992157994;0,450167137115317;1,5988462322054;0,599650893128814;-0,631685597179514;1,37790703580263;0,270237250387492;-0,0285240530602324;-0,146183112079808;-0,524615529388162;0,240954828775685;-1,05172233103558;0,251335586376777;-0,833021364809084;-0,0685759336788302;-0,647366148030523;2,25252004725297;0,376784203315788;1,17210162814854;-0,0230627339142967;-0,726626549420985;0,218594971756277;-1,05786353737951;0,717594252657233;0,39064976425061;0,2424565906398;1,57331011137209
0,836766631119262;-0,191982281601244;-0,782807441060865;-0,498945552804772;-1,8090150806405;-1,5830206939892;1,4281635150377;1,17812727563131;-1,08077855788102;0,50347964774048;0,243236114342504;-0,594064674174618;-0,471627106329608;0,221335506890487;-0,259829417996036;1,34510532624115;-1,15584203475574;-0,73447927384089;0,920985320052501;0,888976276568888;-1,67934173006544;0,515776706005195;-1,63716284688273;0,22162951992792;-0,46348634698744;0,0221901948733486;0,946912531252669;-1,35539165402562;-0,710761434831632;0,817904204776676;-0,799679017502986;0,41331790690954;0,793204537215059;1,59081944355804;-0,0222734657016541;0,8596305147922;-1,11177854190625;0,389580000520886;-0,103369611848973;-0,300721570702194;0,237818620186753;2,08542301319433;-1,7537951972948;1,1824264500337;-1,04707384685354;-0,381543397298031;-0,445429211257061;0,13740934303989;0,643772457974759;0,921070499889067;0,971856038698846;-1,21481498424011;0,216292673395314;0,121208505448081;1,58853801883457;1,7689862546863;1,94941308686162;-1,29759334155694;-0,971568072920398;-2,08308156788722;0,916375196949737;0,744145078574684;-1,39146310789551;-0,0963751793015266;0,121639447064443;1,13287115421158;0,0401328438016481;0,262206237742772;0,382105709155151;-1,44234065512667;-0,290496824859973;0,201101918822144
-1,22945709289231;0,511785277478972;-0,701617711306464;0,1340800929138;-1,65957626021694;0,932656572280236;-0,509242918567219;0,182357009727307;-1,26387307027928;-3,25470216238529;0,243002512919718;-0,309783063900518;-0,561883306628933;0,559430534769768;1,08628397134106;-0,0478423141122572;1,53064773548771;0,586162248074363;-1,04006495954138;0,339919891077959;0,973046303874904;0,17479135761039;-0,259373813604828;-0,0869135766815669;0,940225918969197;-0,767290100938385;0,965774291686052;0,256392114259517;1,14439861189962;-0,207704781106694;-0,628073489636801;-0,4400859817107;-0,662839538214185;1,95275215194368;0,244083453499909;-0,279826868519552;-0,40843962713929;-1,43709870653244;1,07998154214118;-0,376194067196991;-0,408404989846626;0,127958729050129;-0,64603301471118;-0,569157438984804;0,415333748683538;-0,525681593847881;-2,12171166655561;-0,159169782985354;-0,583664781002698;0,646338600219824;-0,175268859294456;-0,447916809826655;0,282273486406356;-0,222025335304852;-0,311160935710666;1,39508957034068;0,270648941125462;-0,707583155804681;0,903902171879132;-2,57285620965667;1,62773643953519;0,970762233408541;0,750862826397608;-0,921462535432155;1,81704182844165;2,65707081227904;0,960279551868732;0,372952452605589;-0,297585401060218;0,609490223839287;-0,577058744620653;-0,266888542278935
-0,0379991198876952;-1,72235807025951;1,73250610733121;1,1814753911731;-0,339622315891953;-1,35148568592415;0,147650977355124;0,290594232221657;0,771935825415445;-1,11957591641141;-0,050164514803192;0,156724744549044;0,791287012129116;-0,472800415539818;-1,37007342690778;2,2407951900437;-1,19891803380485;-0,28767270138443;-0,534369536769518;-0,137564249457265;-0,370210256223867;-1,11798618290137;0,393604308708475;-0,0257140668215;0,978441229207836;-0,260891124829716;1,20264199323153;0,132318252359417;-0,392819475554938;1,06063729015768;-0,712464688813705;1,64456315646385;0,561796530420474;0,898387845085304;0,566989286571128;-2,47898115830854;0,481409346396876;0,591767670471403;0,401322890127967;-0,205567779513364;0,434482713696907;-1,29881384295139;0,218414902650551;-0,43712930019632;1,01519019939069;1,52991467726205;0,375815718027988;0,498980278801725;1,18052975790654;-2,22207649619999;0,54586091506563;1,15794839694071;-0,649992975304834;1,32620454147844;-1,14408060037435;-1,00462928230897;0,229357251177729;-0,430141359511995;0,633671141643985;1,51256328208414;-0,991874445200566;-0,0212438856197013;-1,15734735301316;1,10442558677488;-1,46378310503525;0,58927484636632;-2,45643194953433;0,255991724172025;-0,283782113626226;0,11522226633792;-0,507431386353242;-0,694700663959671
0,110973133694813;0,212908120529696;-0,563790363823864;0,228620714037928;-0,785529863869646;0,670604036079271;0,993998446570483;-0,113268291649173;-0,631962088751984;-0,285591978497493;-0,0113272666194611;0,499871206420968;0,234997248616204;-0,606188276461979;0,679602932090017;-0,676602282241083;-1,62088497200791;-1,62329021097437;1,08512713175439;0,80219080603713;-1,22258566212424;0,902291244628922;0,152790300633776;0,801277876584449;2,13389786316245;-0,529057898618493;-0,47922015394409;-0,569110330157253;-0,501212131851584;-0,764560894836707;0,115408543422757;-0,181637970431324;-0,288977115230087;-0,304330927629671;-0,3248861555195;-0,201492095907776;-0,336080547112653;0,0220052109876467;0,196131593833531;-0,00790167293966231;-0,0247765768432018;0,371663268020531;2,33557570954779;1,59316877664575;-0,238509632937347;0,343039450571138;0,92535612306882;0,823791600981673;0,135223244065723;-1,46345810544203;-0,757033377229395;0,483928766987553;-1,89836304081805;0,257154861586091;-0,410152717166901;1,99813232403207;0,0159282362342265;-0,121618492403752;0,447467272767472;-1,00024286274734;-1,43132734821209;-0,83061610465903;-0,601730525197801;1,35727113509549;-3,13778106075402;-0,33034667569748;1,78395620781918;0,801302503677244;-2,19627133385251;1,76382669483879;0,389952208120794;1,40228221201617
-0,96667951480043;0,879830812104314;0,49763389944425;1,12379223521156;-1,12348549625878;0,359471515216984;-0,275082560025484;-0,645847174722995;0,566269028594859;2,04441345985811;-0,124100578765415;-1,85648321571481;-0,153738357053429;-1,31767753234341;0,320451165719164;2,231321714736;1,24099060280821;-0,274866181708753;-1,4193111944199;-0,636395203247119;-1,42876190651088;0,234515351588728;-0,88108093400747;0,44289559333528;-0,563562809896207;1,00640216000694;0,194163017359936;-0,786917300716705;-0,908554965055036;-0,322850729588804;-0,878109777308236;1,60826105061797;1,05722960888054;-1,43550034267865;1,29635599182113;-0,688111101111749;1,39332310063399;0,286364781765959;-0,764979940522376;0,340589861990822;-1,51818941307026;1,12312012912858;0,0556992868064274;1,69479434034613;0,409104885994911;0,886753566365164;0,286397983288791;0,690947473280452;-1,21723058448947;0,157443075768556;-0,743870586779985;0,39702079932315;-0,19413025449495;-0,600043187747507;2,12755725955782;-1,4946416156619;0,456134302560398;-0,647177181964367;-0,919002606911899;-0,81713098270602;-0,386689477258323;1,02225956464608;0,069441390008981;0,26250955257412;-0,0641906875065118;-0,33340302485197;-1,29710610208284;0,664196751305635;0,115965917862518;1,81765356387998;0,378010871862685;-2,05438314427249
-0,0531553390631172;-0,230419877109972;0,55532137740173;0,00198706857751541;1,35419531489758;-1,21908539706538;-2,57335162979833;1,67370055431012;-1,53186100991797;-0,362449651360464;0,800436544976272;0,0179641074481183;-0,922250675970927;0,465836445287491;1,39500991469409;0,579750409577781;-0,672710819769614;0,954202881762187;1,42977732461948;0,465003249885813;1,44036929252852;0,69156281445226;-0,857507115723219;0,094508879641017;0,729303778566204;0,114967273359279;-0,532051720726435;0,244302821501002;-0,646076286905793;-0,559416246636636;-0,753578522060861;-0,463115673299495;0,843172123326625;2,52093723267805;-1,23086148559445;0,541733375401539;0,577457166367668;0,921311613742936;0,0313165501786526;-0,42200043712786;-0,843951012507753;-0,343190248069477;-0,606761679356381;0,32177106703855;-1,34729928462177;0,763002203937123;-0,968649746993051;-0,254687430219017;-1,39505789091439;-0,479070089055507;-1,18691279231684;-0,721614168576655;-0,879467707055392;0,713481652452164;1,63476895115135;0,510275163232782;0,826253803754423;0,226012527992951;0,69390523283481;-1,95103969864025;2,23184044435534;-0,257063504068682;0,134427627272837;0,689836684061211;0,860897893412651;-1,52369296457538;-0,462749105818129;-0,410285641888397;-0,773289088094833;-0,557942302613031;-1,59812822500825;1,5401431018456
1,49368076536907;0,749683208289225;-0,97041435386313;1,77265003158333;-1,47380801366941;-0,559986128685722;2,29677140825658;-1,45545355992761;0,0880673335916188;0,651396490555181;-0,201231137724343;-1,24189310026078;1,09647780170888;-0,327329882939162;-0,126003328386245;1,03634386938348;-0,0219358685386262;0,9184011581728;-0,215516850611878;-1,4552222954939;1,42947863187555;1,2010560912712;1,16368610676323;0,127141832890234;-1,30123512209013;0,618453598433803;1,01261600691927;-0,0924872406559647;-0,986290616466463;0,0483991482373261;0,313518393609126;-0,0112686832654842;0,444606985968715;-1,06666992427472;0,267016942091656;0,258225074946314;-1,47685407864723;0,816750223287145;0,328904925360785;-0,154752355808781;-0,829501332965786;0,850346745831129;1,05862675729728;0,0422634282041754;-0,220716783612909;0,854496783304112;-0,542924842359821;-0,679183989745887;1,45048660148938;-0,912277828003333;1,01111163273297;0,834916080728074;-0,722477138951192;-2,31981119696336;0,130981482963713;-1,25440433372429;-2,4385981904524;-0,303990458312343;-0,671949208733833;0,498243142618059;-1,23531415018529;0,594977813557154;-0,604998575019782;0,158929256040862;0,758850495520168;1,24567072043799;-1,51506897647729;0,238336792629198;1,1097846962151;-1,20631567535521;0,77731320314884;-1,15277643911039
-1,43501840589701;-1,97064775936069;-0,465211110357161;1,42621360391343;0,469391831283679;-1,64734239481628;0,621339827912551;0,832420819389265;-1,26774031091468;0,140028536384038;-0,0742903403954539;1,73855195509692;-1,40605792222345;1,76533736984986;0,260290927830063;1,34140146856024;-2,25592160375217;-2,08185307449587;-1,18747608246047;-0,773891226615006;-0,138334029057152;-0,411426861053011;-0,309218027915575;1,59064643463241;0,455585239912268;0,911182313366877;0,150956324951485;0,148453850346709;-0,552337050506302;0,187751026722592;0,561053236979448;-0,693493393757749;-0,254185521018415;0,405641984934338;-0,292288065100655;0,208471176529707;0,0622254800305513;-0,598465085360309;1,4788485193776;0,609104206783889;-0,25071122988813;0,135183275301961;0,0224176026567479;0,293788788743929;0,431478917102218;0,411725772907843;0,90177123208089;-1,78709538903295;0,900745756715781;0,0484731981060141;1,36645621848191;-1,65827032511784;-0,14911865967062;0,281875559142804;-0,124705120807131;0,580880438847436;-0,458345247096001;-0,417169898345166;1,55282919135509;1,87728779001141;1,00178526569814;-1,633058782143;0,0786222538979345;-0,527384159294433;-1,51170001393045;0,904463238628296;1,04548061273151;0,676947551699195;0,347127830425297;-0,985574649609001;0,438113304929093;-1,34401819425927
-1,21841957125278;-1,04110412958608;0,194550742348453;0,37290700797515;0,0449462279530266;0,277985954456728;0,287215345491933;-0,363899052103748;-0,493438822630164;0,117946771864426;-0,414243722128459;-0,349559413516399;0,640065432063098;0,738417768898917;0,484330523110256;-0,808865369885501;0,0383624530907778;0,507435168453303;1,92672220186123;0,00317316022056017;-2,05755788404778;0,344199346828275;-0,14033903094214;1,43396971774629;-0,726070480667192;0,460937755873096;0,0618774278448121;-1,0230261823658;1,1875481151941;0,233274325845838;0,966764222742263;-1,48500986102662;-2,10912574680674;1,17602685999372;-0,21029452858502;1,15744448212752;-0,257579239420087;0,0285895903722541;-1,34511784647649;0,335528566787177;-0,0598559181233133;2,3319237529614;0,156473768314036;0,859849369065545;-1,75256267498523;-2,23168322942174;-0,834270465914706;-0,354883650285244;-0,693856511198392;2,91930176344992;0,0421414079395706;0,422392083148661;1,05589780285591;0,325952199826732;-0,789708704994642;1,23923747293216;-0,860151782726093;0,662650567806037;-1,31639518154836;0,143804087351512;-0,135220212972967;1,28010902266834;-0,456587895252876;-0,232562822137166;2,16085293431367;-0,835942498765319;-0,38315387638356;-0,897141478881105;-0,334346919819836;-1,04463620587015;-0,0984003012362615;0,734205810181247
-1,6369354460786;-1,19870456795234;-0,342401221345094;-1,23519697858606;0,0860014384302293;-1,38479245184855;1,03189138037592;0,976662435532654;-1,86338050451857;0,479839151810406;-0,587405694551009;-0,715728281023954;-0,354991123776386;-0,347178369112;-0,700217735172278;1,23072094155584;-0,821461736945808;0,129544777253068;1,17203544899258;0,441671216662361;0,647529164300595;1,04852037944271;-1,6292285192453;-0,184505115823432;0,344876200968782;1,10039406932155;0,537806343597371;0,593961077128832;1,88840366210782;-0,27389937795936;-0,608674716414903;0,251026041186416;0,398778902171516;-1,08712723704824;-1,4234615905809;-0,412131112903548;-0,196393892548268;1,42889513338852;1,66449393829848;0,181326274525847;-0,123598656724084;0,413385575121548;1,82503126266613;-1,363985450892;0,578600976179894;0,737813606051603;-0,0316523757630589;0,878405406319181;0,0199671645678557;0,925649685740854;1,68493258451688;0,818038977755326;-1,29169399600655;1,46550159597541;0,0338588814715192;-1,72785703751184;-0,664404987254314;-1,66471494660072;-0,103826335300187;-0,544168333924107;-0,643122195379631;-0,570433566642697;0,590100765081238;-0,0370574102782471;2,83157272073492;-0,565612138367901;-0,583836382715349;-0,288552289684627;-1,53908068098477;0,0691803214574987;0,659518149384502;-0,418523192611191
0,0890483393257322;0,584297438005425;-0,515913649555446;0,435428137223429;-0,31476299678388;0,700033013715519;-0,759156905653076;1,15108777589131;-0,425322122084907;-0,664791961888217;-1,04800901816257;0,675590175449186;-0,371098170925416;0,305880189379156;3,24087873766329;-0,296967158806011;-0,0221720771287235;-0,732786885485444;-0,440548244521109;0,114777557781796;2,28647471669475;0,216162427394813;-1,54083017706226;-0,38281279691255;-0,97415779496549;0,745406615637015;0,219474604327873;-1,28504326957738;0,8941152782444;1,16102246769755;2,00414139036022;-1,89357329520758;-0,607531699181296;-1,26825038688949;1,51086868840707;-1,17042738626585;-0,576511171142016;0,440309170168324;0,350033456883353;-0,366916970127438;-0,206134899531872;1,06138304097325;-0,170031643899124;-1,01157155038025;-0,4480571634993;0,85053403420238;-1,28117464133742;-1,73282323873722;0,452498982743669;0,0302660840952993;0,132060000252582;1,05253529663896;-0,590512011874348;0,43645863330654;0,702983402140326;-0,0975633508797674;-1,19351600196673;1,07581826948285;-0,578832971716315;1,90529249556213;-1,90329249702906;1,73410768453479;0,0979939583439558;-0,728950863025996;-0,709023933616726;-0,267442231649348;0,391942582669789;-1,37691565795558;1,04192663221918;-0,360638171949683;-0,0486189250533012;0,271852615012292
-1,08968246026365;-0,278803984304266;-0,0426667800635335;2,278364846007;0,590469890011094;-1,0692003148642;0,771643798380427;0,610844916990643;-0,984097625583947;0,925253347718963;-0,91476582678393;0,610640987330583;-1,22804786606013;0,658113819789635;-0,558385805368657;-0,682833945561939;-0,25838173169369;0,222986219281021;-1,67477891108129;-0,570978644483606;-0,236700693549907;3,00709889722672;-1,91548122732268;0,54540562727892;0,517307793168732;1,4307535448268;-1,04845830353157;0,606876977767572;-1,17775085173599;1,04622503796022;-1,20142242745182;1,83025525825137;-0,268297350643846;0,0592636547731048;1,71908363081973;-1,28117646408387;-1,19443879382773;-0,767769691847516;0,25890894020802;0,0188511673157879;0,0476296989061534;-0,531070820657412;1,19604160014115;-0,745141836403072;-1,79133144615776;0,692905847802226;1,31719170685371;-0,227074821879743;-0,943977966458821;1,21878573086912;0,158399872062585;-0,250771975020413;0,378953744285422;-0,907468165690897;0,33861252945519;1,26665143326564;-0,344224524868108;-0,84149297531496;1,89988699555337;0,049377508969013;0,950657671258726;-0,162240633633659;-0,133368207320686;-1,22865264768602;-0,279003436848854;1,22042506660106;-0,457634347366285;-0,223401148447104;-0,682590167688035;0,379260409064499;-0,937614316053259;0,308050967408647
-0,778210992528376;-1,15553320582414;-0,737771410431401;0,565348192676726;-0,509198404963012;-2,09513096526227;1,99723541853773;-0,0478363058670649;1,42717158612449;-0,934450798962408;0,568654628272742;0,72842545507772;-0,555564767489748;0,605580584862766;-1,50295816236203;0,782054148109155;-0,688207554040592;-0,87639376128616;-0,823263745518759;0,291413252538381;0,523386192417899;-1,44786839724592;0,830290543077664;0,205388041802839;-0,554108897062885;-2,44921474893862;-0,784034655792205;-1,31609493363981;0,430807809171311;0,253946454693326;0,666620609688924;0,0293578676888988;-0,927026091822111;2,03743995310026;0,389000264054037;0,0722881331439295;0,958738418413031;1,99721188390307;-0,342141919961708;-0,858366977198964;-0,360369892406026;0,100248955215912;0,400259513208772;0,498943704699486;-1,16159460559473;3,23882811718698;-0,691997930621377;-0,33782375430239;1,08371694399125;-1,61159170400171;-0,944550191817728;0,324498110431312;-0,279113829476364;1,10511280189887;0,578740988647768;-0,661704096517861;0,617548750402512;0,999772236354198;0,34683492108743;1,48434762417166;0,0794208992555522;-0,637582768681814;1,13290247679123;-0,746015992442797;-0,171488544124563;-0,541687065224727;-0,500878413264569;0,687357870302845;-0,460900089887307;0,0654830507379858;-0,417150142674162;0,803449315497645
1,71519838070403;-0,827938925143131;0,214308438007647;-0,223837926477697;-2,08324317489631;0,975813301431359;-0,420790651525869;0,676746796111722;-0,602618602688457;0,233392701535416;-0,709052493851098;0,0467043276503397;-1,12924798817515;0,62374563215401;0,0946028005794482;-1,44011673960612;0,966836222823768;1,02508067447093;0,214840127237227;2,27501629782069;-0,849476121563759;0,182033418964874;-0,155897417473427;0,102315739622053;-1,36437224328932;1,31449938576093;0,349750278842879;2,34870062814487;-0,362667809448679;-2,0319168041135;-1,86492202839679;0,505144094949211;1,01579491593705;0,553038993841326;1,25292221173494;-1,23010665479652;-0,0395598396826321;0,986948487529459;-0,105256882807391;-0,241570577154659;1,89461445917239;-0,764269548260711;1,12736699691929;0,406385034053291;-0,173610959783413;-1,77668171633654;0,705194291945841;-0,0187085536732135;-1,15495610661024;1,58703405244571;0,156854760359336;-0,592072129348178;-0,852269305114069;-1,32165805498304;-0,668984376134458;0,355228717393428;0,624988204153728;0,36693093413682;-0,480424126780963;0,91280572216445;0,129630703380789;-1,4915655491496;-1,64927100662201;-0,087005510396892;1,0953470445616;-0,259682701190941;-1,0449704209137;0,273923177523687;-0,353315304320945;-0,184342587741198;0,124224799049322;1,12241808533676
0,0370480238256288;-0,677230391664299;-0,796096931058631;0,360507684501299;0,412910043332709;-0,0711735339551077;0,36976573780832;-0,63776378513567;-0,919137686253935;-0,128586480619707;0,16432156312067;0,165624472267705;1,55864573348865;-0,428878896642235;-0,0192275556381961;-0,940698250151794;-1,67302165102566;2,04211526137878;2,09871026159481;-0,408879317818569;0,729948317525489;0,0178324702891235;0,0314641762136496;1,03955735279583;-1,11464880836533;0,0766849319961285;-2,51209302771339;1,0346340045178;-1,27754176934549;0,500508256861258;1,13655002900806;-0,795105998742996;-1,03990191599809;0,707598464848724;1,7036162993111;0,679259581277821;0,220658730122345;-0,257251711781189;0,172751646194932;-0,738453107990434;-0,0778852380436146;0,362364192819586;-1,02762265498626;0,205087302569534;-1,14371170320251;0,423594768230918;0,00606221348398504;0,081503811969236;-0,801905913613226;0,662280084872414;1,60361400400282;-2,82359252087403;-0,520015464836949;-1,03920732799785;-0,597946993157899;1,29724163610685;-0,257233073395974;-1,00341802385421;-0,086308705235767;-0,901691121732239;-1,39391584899655;0,573256571704954;1,0753904914132;0,43719175183869;0,873056103126855;0,48225633461807;1,93035966155591;-1,05326004581683;0,4199553061975;1,54106172264887;-1,21307083993667;1,14148729614107
-0,295347803135214;-0,184557559382566;0,823107927667165;0,53829409475921;1,50658256949016;1,25954994911122;-1,21526445628731;-1,21513533365137;-1,40554863863963;-0,0929517897743237;1,1199547143813;-1,56833481447943;-1,60877999274977;1,46960839506204;0,958636120758215;0,532004249017531;0,406726383097341;-0,578076381554928;-0,406511354169735;0,888305328999618;-0,521642688002972;-0,266991628137045;2,21983200655167;-1,76703617623886;0,652700832638012;-0,743424256675644;0,66565829747026;0,35853576260617;-1,40543705700695;0,659288627060059;-0,428737611381128;-0,513622178184177;-0,60088259276781;0,621961728723407;-0,093243869700747;-0,267601575415246;1,02037621603641;-0,649277529423287;1,33560400739368;0,333960252757082;0,586103797043182;0,222557071502366;-0,936549962195575;-1,80291471421781;1,87995857359815;0,786788543483801;0,323668017223246;-0,507549218328382;0,485341399976572;1,95763726784433;0,324626465339921;0,502929758349312;0,00608104072517837;0,69781937157166;-0,921838161890312;-0,656785725064475;-2,02811911311917;-0,176979815750528;-1,73008247906584;1,17011611819651;-0,750612748319917;-2,67649508657814;-0,534010027473107;0,22423701938064;-0,0527940178882446;-0,080920504717678;0,218194005130492;-0,0883914598814719;0,887224014982342;-0,331021077991153;0,425309520376289;1,03418995093539
-0,200322939273424;2,11683281577488;-0,291592901995813;-0,519731679433752;-0,345022612577652;-1,22064512200898;1,51715834873852;-0,187933775691083;2,31813871416285;1,20987050429777;0,712748802004718;-0,354626477026007;1,64050944798658;-0,215331930892524;-2,25220491958802;-0,269602634645647;-0,367796112843145;0,881515732200059;-0,837591147735983;-0,998296127425237;0,143398607468007;1,14058237333801;-0,175819581132202;0,22999786908706;0,365186528743281;-0,315420457985025;-0,648768400733385;-0,85984673019453;-1,66894042720271;1,92357438714652;-1,64825274006805;0,540600732580553;-0,182597156624708;0,101182784699861;0,721737448005785;0,23910626160366;-0,938915981617397;-1,27122910526359;2,15572335562505;-0,203110526383981;0,271807042787858;-0,186184039854221;-0,266143722229819;-1,38468838016492;0,133710231157205;0,552147841110474;1,11048517529403;-0,847365540255587;0,678202840935565;0,949096002762045;-0,111490483707992;-1,49028717959979;0,059387582555645;-0,943123054811716;-1,20781781277046;-1,13943134329536;-0,283837584645659;-0,334649308667239;-0,167964430507977;0,0174932369793321;0,234257976486655;1,33591687134178;-0,476710236003017;0,40845859958869;-2,63575388331901;0,644990509804186;0,15661375118965;-0,577439968692808;0,583606490368257;1,12425993076301;0,701146900350255;1,10704075993062
0,665928799055467;1,67888795370745;0,929415824707664;0,478293411862034;0,653207415492811;-1,16654328822857;-0,932830518817677;0,426463110665115;-1,05705858293506;-0,417487875214691;0,734670410874127;-0,442991657863083;-0,35407092824351;-0,805889627136295;-0,0689660276727434;-1,42732437667833;1,1387198351287;0,442859498770327;-0,580482408989208;-0,332635996133219;0,52091406069651;0,66749185083111;1,93463703560409;0,140864312790983;1,75295574399397;-2,04152998294101;-1,66356120264362;0,520541728779435;0,0538510504473657;-1,06973074431354;-0,142971624936881;-1,97260399735972;-0,586875312298243;2,18215214189487;-1,03005498260237;0,405909580859181;0,0826738036521672;0,532405599359342;-0,880311994236586;0,564330104158577;-0,811098799269927;0,563513544595476;-0,429760621136697;-1,05670359488012;-0,616052961514843;2,65907370980928;1,45287541260029;0,0243754629252127;0,216671523268785;-1,38719503014476;1,01879234419761;0,64562537260943;-1,10219877944106;1,01122864985476;-0,451382982859588;-1,03119055903817;-0,130356011638365;0,209522965390224;-0,552438057393576;-0,448369475542585;2,51695192762667;-0,041576844264212;0,862271743558511;-0,814498578419248;-0,592274087864324;0,116569572663192;-1,02689980702447;-0,838122243962614;0,621458275544742;-0,674820727935597;0,658612846373398;-0,105856332774384
2,01792355129771;1,99319592113122;-1,96795914963585;0,0550740784753306;-0,607650147930683;-0,861399403477489;-1,22633091128432;0,102706773415849;-1,19766563079084;-1,3076306652437;0,16545494039282;0,0337705218093768;0,605679102897512;-0,279594317087107;-1,12300633085249;-0,816241533396133;-0,816741410264422;1,27237963137254;-1,43309557039856;0,761963726565757;2,42906003947194;-0,708416930778221;0,4211913827028;-0,060984149454343;-1,11660085047942;1,14608918740632;1,62952256617362;0,527502066662237;-1,46582473608762;-0,951998026963058;0,267800802314446;0,589858578458341;-0,290101576728359;0,378894043981071;-1,30608789411696;-0,68812187406981;-0,0122647472866479;0,569220307814828;1,15714278001902;1,30334769866132;1,79017629905836;0,0902183877969293;-0,68749701154541;0,676212007626907;0,61472849210064;-1,87190901674416;0,00370629410068308;-1,4616587639917;-0,562610048287761;0,453916479701527;-0,436163442815812;-1,59414547171087;-0,0698265928511496;0,930591353793264;0,0179827888875593;-0,774305329141415;0,299477892960841;-0,704533810102413;1,42414882108868;0,503731845107148;0,186987807278811;-0,0278552937609495;0,705209653177824;-0,0137634446308753;0,812861067430796;-0,348602974136134;0,44070811397722;1,32932977028281;1,47874069074948;-0,899672578486517;-1,25843860404825;-0,237807227564103
0,701539955853254;-1,50580398686053;-1,48282129915623;0,30629247932896;-0,138393551489698;-0,568691618126093;0,0470565897805293;-1,6303521230045;1,55022975500957;0,618672724018283;0,307256109950499;1,34519735759271;1,73445651695283;1,14526148375064;-0,556915272989526;0,290014701346295;1,19657475927963;1,35259410475411;-1,05583797032941;-0,221675508617415;-0,567323093637492;-0,155199889674853;-1,07698676548282;0,657159977746092;-0,684230197897265;0,341685244547199;-1,51751691229005;-0,904625478734412;2,19720685474191;0,695376940538442;1,25076016144826;-1,38386460816468;0,565958574461589;-2,36540668666377;-0,147149183353178;1,90838490752129;0,514193155136593;1,28792754897653;2,17550814053337;0,100500364086244;0,372878233957012;0,513099059002873;-0,863968420706698;-0,381563223392987;-1,08871981538329;0,675723910396726;-0,0639938700931859;-0,92260441823977;0,273054467946184;-0,788042842696176;-1,09093436201457;-1,28398052240308;-0,646511599288265;-0,475026808939044;0,553303279455955;-1,2020360374913;0,0253047490152943;-0,515701270178775;0,416057589049494;-0,0100848476584302;-0,37970898006124;0,186895850329378;-0,823023642344983;-0,159242789510483;-0,694644104396972;-0,0424208248604261;-0,553920119916654;0,40109905337754;-0,0669218773114431;-0,37282886340646;-0,019999712943111;2,70144849982397
1,27791783968303;0,848258503838602;-1,52352498555458;0,309803184973368;0,90890333682552;0,760148282641594;0,79424723575611;-1,82037231343783;-0,689781365798814;-0,221107742245912;-0,00688725504606278;-1,70422503556531;0,728603500578931;0,0589870564285999;0,770002689945604;1,0822321517204;-1,0412037970718;0,112706145249854;-2,0103668416437;-0,221983430503198;0,470928707976928;0,302670151477454;-1,02655977295731;-0,828814551814623;-1,09656217897368;-0,293342273209085;0,162254202368728;-1,09526443448614;-1,31422416900606;1,9063213720121;0,400392505848933;0,193527395780302;2,28443614980445;-0,513368390587571;-0,499463426249852;-0,500766963935532;1,96776004347537;-1,5656898140825;-0,298409778207513;0,329847783823472;0,896432025207866;0,338692946171493;-0,230062289739882;0,35495709437309;0,697028783474311;1,61538921804885;-0,509709214881262;1,1504273621139;-1,07698058026052;1,21723061879041;-1,4231632988042;-1,66076835633267;0,179208044760687;-0,115036557047701;-0,507171012559649;-0,311520642969922;-0,584157441573578;0,396323492720707;-1,18254950351622;-0,0350538196796625;0,360409718757729;0,379301232136805;0,415341997345648;0,397385433113471;-1,75102281952312;0,78664535898873;1,01137093498898;-0,913694454729652;1,66561394457637;1,87948390343469;-0,54512821776487;-0,293253619453087
1,15768306509622;0,140613206171176;-0,228173182380891;-2,82109392116593;-0,267555741604376;-0,228913273022754;-2,5851633575701;0,180566613067749;0,32114937958409;0,0997087327769552;-1,15825934945386;0,941490486197912;-1,71987247978829;0,967087580167773;0,08626473031714;0,236552417714207;0,284797653137923;0,427192446713459;0,196254768708611;0,938268372969258;-0,39847912987005;1,78397976524285;0,572032483141323;0,0458364044844638;-0,456500336858536;-0,235349580221081;-0,809972718892973;1,80588676971881;-0,622269589844741;0,431251198927886;-0,718489779980208;-0,0137328697671274;1,61278281731958;-0,257780672045995;1,12203860524887;-0,278026127936849;0,288030493058873;-1,44054199007936;0,710434810104761;-0,653352505739965;-0,516428754208819;-0,76995845924784;1,78531082751411;-0,371919635080054;-0,125406241511592;-1,52956899179217;1,72828012397091;-0,475162786245572;-1,05653660327156;1,0012259847299;-0,445151057725907;-1,59344546278558;0,0994271290326643;0,691775283754793;1,28836047639311;-0,466781090078865;-0,684958062767836;-1,53560296200001;0,724036306335947;-0,438136184148874;-0,0989326454407192;0,73116814886529;1,57709299565847;-0,442880922488977;1,28106436933293;0,500345084783884;1,51187842294907;0,639531343201132;-0,594363632960881;-1,51622597676153;0,606012261837097;-0,960425483489318
-1,31100775800972;0,68727955203064;0,154461948174797;1,66227789281198;1,33342786639379;0,345661431830151;-0,430772704697536;-0,429202738554151;0,473311309550515;0,554635893626305;-0,149911806442069;-0,408953277132305;0,252536685365961;-0,000424653981844476;-0,399763900184012;1,12474832521057;0,167723027612515;1,43439399220061;0,0986877202648977;0,714906332232498;1,84696249510995;-0,317885916785806;-1,11327304361932;1,42482382111314;-2,27028668729726;0,266052311779671;-0,523993744133764;-0,529082066129996;-1,80883633084042;-1,12951908682393;1,4049982009546;-1,01090940284463;-0,309532626076004;0,407028184220953;0,746971808968215;1,81919350480176;-1,18968183164777;-0,458160961811632;-0,0274572269899351;0,864676120768721;-2,35489702784604;0,0761388137954596;0,394316319723118;0,322476125374629;0,794381984415539;-1,61602958645161;0,536467117968185;-0,164531788191784;0,253027884706559;-1,55481090519121;-1,98648973212193;-0,404328450121841;-0,801137837735557;-0,310596811195834;0,724738915769161;-1,99662544980212;-0,359663064276354;0,877340006635013;0,286289048988509;-0,422875438500794;0,422885421142303;0,277172093993709;-0,105459456061521;0,926155239720865;-0,494979952746552;-0,161980459672842;-1,80464792249225;1,82006907911053;0,29481587942662;0,683401097520152;1,5199095772828;0,363366615814977
0,254924604497701;1,331093983503;-0,943943502753468;-0,152393501495323;-0,959053406474998;0,723765514770404;0,529250840191134;0,278798148975;0,532686914083288;-0,487704043217125;-0,853299812468451;0,679552578023564;0,767683488265925;1,39118797793867;-0,913384332185157;0,936456580393942;0,511397770941834;-0,447808967935094;-1,4260012360451;0,277555325522491;-1,95106785216823;-0,779455928874748;0,783159655702457;-0,592073651106616;-1,07550960873524;-0,656480081437246;0,128453558555121;0,467878860327302;0,289408222231646;1,49539001674163;-0,849024610426451;-0,911800286215201;-1,24441095880634;0,310518228897776;0,497589182430925;-1,50857541025752;-0,907783344898332;-0,525598680512732;-0,271205809055863;-0,427995619955357;0,509555035835505;-2,17693942705663;0,157086914138995;0,432586058299597;0,593740930919668;0,127134075489575;-0,847716438864744;1,2206891691846;1,28069522418204;-0,966666088514416;-0,773977390898425;-1,96900962389885;0,41269969177753;-1,38951747026429;1,57330027053446;0,00533127622606765;-1,32024122348978;1,5402011572666;-0,66980825301339;-0,476350880385096;0,78545543006075;-0,100395958898626;0,411837030262549;-1,37461029369799;1,46216319906625;1,35401787948744;-0,136350453211134;0,915361367248603;1,37866797043787;-0,331655211199543;1,63931560710892;2,43121961889669
-1,78768765398095;-0,8433522244517;0,916318931460915;-0,284279652835322;0,285465531292185;1,75924940307792;0,248054313203393;-0,206977009714962;0,0167214033173425;-0,347483896200454;-0,47663677984276;1,38884999412382;1,11765434268153;1,7464445008534;-1,24496922634914;-0,970344881447524;-1,9297387999365;-0,31871644612204;1,35298150776141;0,699995353650535;-0,857077661546727;0,883206319035415;0,14288830987634;-0,61016756064752;-1,50792496363887;-2,49301738357417;0,194760908415312;-1,497108460459;-0,0656796745726235;0,958491126116371;2,05443546909803;-0,413644576736658;0,0349049495791841;0,122218461467475;-0,290369974777504;-1,47422031101522;0,118655857734909;0,391643672545957;-0,255978269337236;1,09680862996219;1,87777798998622;-0,616814261053104;-0,917432024962298;0,13254877860156;-1,15999015094375;-1,28276066145796;0,314122813424028;1,43599096205149;-0,694577246875135;0,297821290650057;-0,190857754920191;0,525440132867764;0,499598882167787;0,105751260589898;0,474501917432049;0,0625374792471569;1,53455655930281;-1,56588172317192;0,842029421922989;1,21860283297455;-1,29808478532266;-0,837392178806056;0,365165415550289;-0,743400002149178;-1,03809649994757;1,47616030140791;-0,373439253812488;0,30366656160592;-0,109387628845633;0,86412602509874;-0,289238455045684;1,13258042436565
0,597438302259198;-1,10205135384919;1,94523213318869;-0,640004733102504;0,626356228199943;0,144089785168292;0,85453519173389;-0,0778312587970532;0,918590141110534;-1,71800786667687;2,46487610218342;0,125794316635106;1,5883704220664;-0,226449151323836;-0,810814165586908;-0,224255783472489;-0,770125393264216;0,629250412857719;0,0539998715666573;-0,0552193275287559;-0,137340042758757;0,93195974286621;-2,91995130800943;-0,135601855542019;1,1809039865796;-0,666948970841347;0,17701274535202;-0,0821682992473994;-1,75427900309851;0,26048085205735;-0,728236416637757;-0,0560910439613959;-1,39981511500465;-0,591856896249371;-0,546281432699899;-1,09552802451031;0,421196853404273;-0,601085315680955;-1,1397051303798;2,66637029043945;-0,100457928750345;-0,640677273339698;-0,563021807328101;-0,27683749075068;-0,726667924731799;0,695364266006771;0,92987744366924;0,00864855157586435;-0,780772809425893;1,65097843903063;0,254673893563815;-0,785558015817351;0,240053192472575;0,595534917031711;-0,0441547239849439;-0,163259557262784;0,428440845413578;-1,02707449555358;0,863622886252184;0,545502892707717;-0,817514868868454;1,75120444875284;1,36643347606337;0,826103766631296;-1,53556196648728;0,948600729259937;-0,935001233693723;1,1571877294743;-0,468310882180208;-1,24009041397919;0,184099084218215;-0,448174659415349
